 cookie=0x0, duration=10.027s, table=0, n_packets=1, n_bytes=42, idle_timeout=10, hard_timeout=30, idle_age=10, priority=65535,udp,in_port=1,vlan_tci=0x0000,dl_src=42:d5:a0:56:46:8a,dl_dst=ee:a1:b8:c4:55:bb,nw_src=161.65.175.64,nw_dst=10.0.0.14,nw_tos=0,tp_src=2,tp_dst=80 actions=output:2
 cookie=0x0, duration=9.938s, table=0, n_packets=1, n_bytes=42, idle_timeout=10, hard_timeout=30, idle_age=9, priority=65535,udp,in_port=1,vlan_tci=0x0000,dl_src=42:d5:a0:56:46:8a,dl_dst=c6:1b:7b:68:8a:a4,nw_src=159.160.149.118,nw_dst=10.0.0.32,nw_tos=0,tp_src=2,tp_dst=80 actions=output:4
 cookie=0x0, duration=9.888s, table=0, n_packets=1, n_bytes=42, idle_timeout=10, hard_timeout=30, idle_age=9, priority=65535,udp,in_port=1,vlan_tci=0x0000,dl_src=42:d5:a0:56:46:8a,dl_dst=d6:4f:3f:ad:0e:73,nw_src=52.170.161.9,nw_dst=10.0.0.49,nw_tos=0,tp_src=2,tp_dst=80 actions=output:7
 cookie=0x0, duration=9.830s, table=0, n_packets=1, n_bytes=42, idle_timeout=10, hard_timeout=30, idle_age=9, priority=65535,udp,in_port=1,vlan_tci=0x0000,dl_src=42:d5:a0:56:46:8a,dl_dst=06:aa:c0:9d:bf:a1,nw_src=39.13.133.95,nw_dst=10.0.0.19,nw_tos=0,tp_src=2,tp_dst=80 actions=output:3
 cookie=0x0, duration=9.736s, table=0, n_packets=1, n_bytes=42, idle_timeout=10, hard_timeout=30, idle_age=9, priority=65535,udp,in_port=1,vlan_tci=0x0000,dl_src=42:d5:a0:56:46:8a,dl_dst=9a:e3:d4:8f:30:9f,nw_src=84.246.23.243,nw_dst=10.0.0.11,nw_tos=0,tp_src=2,tp_dst=80 actions=output:2
 cookie=0x0, duration=9.679s, table=0, n_packets=1, n_bytes=42, idle_timeout=10, hard_timeout=30, idle_age=9, priority=65535,udp,in_port=1,vlan_tci=0x0000,dl_src=42:d5:a0:56:46:8a,dl_dst=9a:bd:ee:fd:be:14,nw_src=235.211.120.177,nw_dst=10.0.0.17,nw_tos=0,tp_src=2,tp_dst=80 actions=output:3
 cookie=0x0, duration=9.639s, table=0, n_packets=1, n_bytes=42, idle_timeout=10, hard_timeout=30, idle_age=9, priority=65535,udp,in_port=1,vlan_tci=0x0000,dl_src=42:d5:a0:56:46:8a,dl_dst=9a:bd:ee:fd:be:14,nw_src=7.234.85.100,nw_dst=10.0.0.17,nw_tos=0,tp_src=2,tp_dst=80 actions=output:3
 cookie=0x0, duration=9.563s, table=0, n_packets=1, n_bytes=42, idle_timeout=10, hard_timeout=30, idle_age=9, priority=65535,udp,in_port=1,vlan_tci=0x0000,dl_src=42:d5:a0:56:46:8a,dl_dst=96:03:61:79:50:6a,nw_src=183.249.28.132,nw_dst=10.0.0.29,nw_tos=0,tp_src=2,tp_dst=80 actions=output:4
 cookie=0x0, duration=9.523s, table=0, n_packets=1, n_bytes=42, idle_timeout=10, hard_timeout=30, idle_age=9, priority=65535,udp,in_port=1,vlan_tci=0x0000,dl_src=42:d5:a0:56:46:8a,dl_dst=c6:1b:7b:68:8a:a4,nw_src=58.105.117.186,nw_dst=10.0.0.32,nw_tos=0,tp_src=2,tp_dst=80 actions=output:4
 cookie=0x0, duration=9.470s, table=0, n_packets=1, n_bytes=42, idle_timeout=10, hard_timeout=30, idle_age=9, priority=65535,udp,in_port=1,vlan_tci=0x0000,dl_src=42:d5:a0:56:46:8a,dl_dst=02:dc:67:00:bb:9a,nw_src=185.203.2.186,nw_dst=10.0.0.53,nw_tos=0,tp_src=2,tp_dst=80 actions=output:7
 cookie=0x0, duration=9.415s, table=0, n_packets=1, n_bytes=42, idle_timeout=10, hard_timeout=30, idle_age=9, priority=65535,udp,in_port=1,vlan_tci=0x0000,dl_src=42:d5:a0:56:46:8a,dl_dst=ee:ab:49:af:85:44,nw_src=153.220.201.194,nw_dst=10.0.0.13,nw_tos=0,tp_src=2,tp_dst=80 actions=output:2
 cookie=0x0, duration=9.371s, table=0, n_packets=1, n_bytes=42, idle_timeout=10, hard_timeout=30, idle_age=9, priority=65535,udp,in_port=1,vlan_tci=0x0000,dl_src=42:d5:a0:56:46:8a,dl_dst=0a:e2:79:51:62:df,nw_src=229.198.200.46,nw_dst=10.0.0.21,nw_tos=0,tp_src=2,tp_dst=80 actions=output:3
 cookie=0x0, duration=9.318s, table=0, n_packets=1, n_bytes=42, idle_timeout=10, hard_timeout=30, idle_age=9, priority=65535,udp,in_port=1,vlan_tci=0x0000,dl_src=42:d5:a0:56:46:8a,dl_dst=02:dc:67:00:bb:9a,nw_src=115.225.42.65,nw_dst=10.0.0.53,nw_tos=0,tp_src=2,tp_dst=80 actions=output:7
 cookie=0x0, duration=9.275s, table=0, n_packets=1, n_bytes=42, idle_timeout=10, hard_timeout=30, idle_age=9, priority=65535,udp,in_port=1,vlan_tci=0x0000,dl_src=42:d5:a0:56:46:8a,dl_dst=f2:9f:5e:8d:22:af,nw_src=57.54.71.203,nw_dst=10.0.0.26,nw_tos=0,tp_src=2,tp_dst=80 actions=output:4
 cookie=0x0, duration=9.235s, table=0, n_packets=1, n_bytes=42, idle_timeout=10, hard_timeout=30, idle_age=9, priority=65535,udp,in_port=1,vlan_tci=0x0000,dl_src=42:d5:a0:56:46:8a,dl_dst=b6:34:1d:af:1c:33,nw_src=204.1.142.215,nw_dst=10.0.0.20,nw_tos=0,tp_src=2,tp_dst=80 actions=output:3
 cookie=0x0, duration=9.195s, table=0, n_packets=1, n_bytes=42, idle_timeout=10, hard_timeout=30, idle_age=9, priority=65535,udp,in_port=1,vlan_tci=0x0000,dl_src=42:d5:a0:56:46:8a,dl_dst=06:aa:c0:9d:bf:a1,nw_src=138.166.32.170,nw_dst=10.0.0.19,nw_tos=0,tp_src=2,tp_dst=80 actions=output:3
 cookie=0x0, duration=9.159s, table=0, n_packets=1, n_bytes=42, idle_timeout=10, hard_timeout=30, idle_age=9, priority=65535,udp,in_port=1,vlan_tci=0x0000,dl_src=42:d5:a0:56:46:8a,dl_dst=86:0e:62:8b:8c:1f,nw_src=211.165.30.156,nw_dst=10.0.0.63,nw_tos=0,tp_src=2,tp_dst=80 actions=output:8
 cookie=0x0, duration=9.119s, table=0, n_packets=1, n_bytes=42, idle_timeout=10, hard_timeout=30, idle_age=9, priority=65535,udp,in_port=1,vlan_tci=0x0000,dl_src=42:d5:a0:56:46:8a,dl_dst=9e:3c:87:e8:d5:7a,nw_src=178.205.66.11,nw_dst=10.0.0.59,nw_tos=0,tp_src=2,tp_dst=80 actions=output:8
 cookie=0x0, duration=9.079s, table=0, n_packets=1, n_bytes=42, idle_timeout=10, hard_timeout=30, idle_age=9, priority=65535,udp,in_port=1,vlan_tci=0x0000,dl_src=42:d5:a0:56:46:8a,dl_dst=36:fb:f0:17:f9:c9,nw_src=113.234.176.137,nw_dst=10.0.0.16,nw_tos=0,tp_src=2,tp_dst=80 actions=output:2
 cookie=0x0, duration=8.907s, table=0, n_packets=1, n_bytes=42, idle_timeout=10, hard_timeout=30, idle_age=8, priority=65535,udp,in_port=1,vlan_tci=0x0000,dl_src=42:d5:a0:56:46:8a,dl_dst=4e:a1:e6:a2:b7:05,nw_src=89.179.129.235,nw_dst=10.0.0.42,nw_tos=0,tp_src=2,tp_dst=80 actions=output:6
 cookie=0x0, duration=8.807s, table=0, n_packets=1, n_bytes=42, idle_timeout=10, hard_timeout=30, idle_age=8, priority=65535,udp,in_port=1,vlan_tci=0x0000,dl_src=42:d5:a0:56:46:8a,dl_dst=b2:98:08:6a:cb:b7,nw_src=232.216.31.207,nw_dst=10.0.0.55,nw_tos=0,tp_src=2,tp_dst=80 actions=output:7
 cookie=0x0, duration=8.763s, table=0, n_packets=1, n_bytes=42, idle_timeout=10, hard_timeout=30, idle_age=8, priority=65535,udp,in_port=1,vlan_tci=0x0000,dl_src=42:d5:a0:56:46:8a,dl_dst=c6:1b:7b:68:8a:a4,nw_src=243.212.242.104,nw_dst=10.0.0.32,nw_tos=0,tp_src=2,tp_dst=80 actions=output:4
 cookie=0x0, duration=8.707s, table=0, n_packets=1, n_bytes=42, idle_timeout=10, hard_timeout=30, idle_age=8, priority=65535,udp,in_port=1,vlan_tci=0x0000,dl_src=42:d5:a0:56:46:8a,dl_dst=96:03:61:79:50:6a,nw_src=63.89.38.191,nw_dst=10.0.0.29,nw_tos=0,tp_src=2,tp_dst=80 actions=output:4
 cookie=0x0, duration=8.662s, table=0, n_packets=1, n_bytes=42, idle_timeout=10, hard_timeout=30, idle_age=8, priority=65535,udp,in_port=1,vlan_tci=0x0000,dl_src=42:d5:a0:56:46:8a,dl_dst=9a:bd:ee:fd:be:14,nw_src=23.156.118.148,nw_dst=10.0.0.17,nw_tos=0,tp_src=2,tp_dst=80 actions=output:3
 cookie=0x0, duration=8.563s, table=0, n_packets=1, n_bytes=42, idle_timeout=10, hard_timeout=30, idle_age=8, priority=65535,udp,in_port=1,vlan_tci=0x0000,dl_src=42:d5:a0:56:46:8a,dl_dst=76:2d:87:43:49:ba,nw_src=212.105.68.120,nw_dst=10.0.0.39,nw_tos=0,tp_src=2,tp_dst=80 actions=output:5
 cookie=0x0, duration=8.455s, table=0, n_packets=1, n_bytes=42, idle_timeout=10, hard_timeout=30, idle_age=8, priority=65535,udp,in_port=1,vlan_tci=0x0000,dl_src=42:d5:a0:56:46:8a,dl_dst=26:cd:79:53:21:c6,nw_src=56.74.87.234,nw_dst=10.0.0.50,nw_tos=0,tp_src=2,tp_dst=80 actions=output:7
 cookie=0x0, duration=8.407s, table=0, n_packets=1, n_bytes=42, idle_timeout=10, hard_timeout=30, idle_age=8, priority=65535,udp,in_port=1,vlan_tci=0x0000,dl_src=42:d5:a0:56:46:8a,dl_dst=ea:5e:5c:f4:8f:cf,nw_src=86.158.61.252,nw_dst=10.0.0.10,nw_tos=0,tp_src=2,tp_dst=80 actions=output:2
 cookie=0x0, duration=8.323s, table=0, n_packets=1, n_bytes=42, idle_timeout=10, hard_timeout=30, idle_age=8, priority=65535,udp,in_port=1,vlan_tci=0x0000,dl_src=42:d5:a0:56:46:8a,dl_dst=5e:4e:40:54:96:6f,nw_src=194.226.19.228,nw_dst=10.0.0.36,nw_tos=0,tp_src=2,tp_dst=80 actions=output:5
 cookie=0x0, duration=8.282s, table=0, n_packets=1, n_bytes=42, idle_timeout=10, hard_timeout=30, idle_age=8, priority=65535,udp,in_port=1,vlan_tci=0x0000,dl_src=42:d5:a0:56:46:8a,dl_dst=02:dc:67:00:bb:9a,nw_src=119.82.35.210,nw_dst=10.0.0.53,nw_tos=0,tp_src=2,tp_dst=80 actions=output:7
 cookie=0x0, duration=8.222s, table=0, n_packets=1, n_bytes=42, idle_timeout=10, hard_timeout=30, idle_age=8, priority=65535,udp,in_port=1,vlan_tci=0x0000,dl_src=42:d5:a0:56:46:8a,dl_dst=76:2d:87:43:49:ba,nw_src=73.104.220.160,nw_dst=10.0.0.39,nw_tos=0,tp_src=2,tp_dst=80 actions=output:5
 cookie=0x0, duration=8.178s, table=0, n_packets=1, n_bytes=42, idle_timeout=10, hard_timeout=30, idle_age=8, priority=65535,udp,in_port=1,vlan_tci=0x0000,dl_src=42:d5:a0:56:46:8a,dl_dst=e6:4b:d9:07:cb:fd,nw_src=227.94.50.185,nw_dst=10.0.0.44,nw_tos=0,tp_src=2,tp_dst=80 actions=output:6
 cookie=0x0, duration=8.139s, table=0, n_packets=1, n_bytes=42, idle_timeout=10, hard_timeout=30, idle_age=8, priority=65535,udp,in_port=1,vlan_tci=0x0000,dl_src=42:d5:a0:56:46:8a,dl_dst=be:b6:bd:0d:d5:78,nw_src=208.2.212.85,nw_dst=10.0.0.27,nw_tos=0,tp_src=2,tp_dst=80 actions=output:4
 cookie=0x0, duration=8.087s, table=0, n_packets=1, n_bytes=42, idle_timeout=10, hard_timeout=30, idle_age=8, priority=65535,udp,in_port=1,vlan_tci=0x0000,dl_src=42:d5:a0:56:46:8a,dl_dst=e6:4b:d9:07:cb:fd,nw_src=45.157.247.26,nw_dst=10.0.0.44,nw_tos=0,tp_src=2,tp_dst=80 actions=output:6
 cookie=0x0, duration=8.035s, table=0, n_packets=1, n_bytes=42, idle_timeout=10, hard_timeout=30, idle_age=8, priority=65535,udp,in_port=1,vlan_tci=0x0000,dl_src=42:d5:a0:56:46:8a,dl_dst=32:c7:f2:11:42:6e,nw_src=236.219.23.138,nw_dst=10.0.0.12,nw_tos=0,tp_src=2,tp_dst=80 actions=output:2
 cookie=0x0, duration=7.987s, table=0, n_packets=1, n_bytes=42, idle_timeout=10, hard_timeout=30, idle_age=7, priority=65535,udp,in_port=1,vlan_tci=0x0000,dl_src=42:d5:a0:56:46:8a,dl_dst=22:fb:e7:8c:3d:cb,nw_src=107.245.133.200,nw_dst=10.0.0.54,nw_tos=0,tp_src=2,tp_dst=80 actions=output:7
 cookie=0x0, duration=7.911s, table=0, n_packets=1, n_bytes=42, idle_timeout=10, hard_timeout=30, idle_age=7, priority=65535,udp,in_port=1,vlan_tci=0x0000,dl_src=42:d5:a0:56:46:8a,dl_dst=c6:1b:7b:68:8a:a4,nw_src=59.51.133.31,nw_dst=10.0.0.32,nw_tos=0,tp_src=2,tp_dst=80 actions=output:4
 cookie=0x0, duration=7.787s, table=0, n_packets=1, n_bytes=42, idle_timeout=10, hard_timeout=30, idle_age=7, priority=65535,udp,in_port=1,vlan_tci=0x0000,dl_src=42:d5:a0:56:46:8a,dl_dst=06:8a:d8:18:18:25,nw_src=39.112.94.253,nw_dst=10.0.0.35,nw_tos=0,tp_src=2,tp_dst=80 actions=output:5
 cookie=0x0, duration=7.743s, table=0, n_packets=1, n_bytes=42, idle_timeout=10, hard_timeout=30, idle_age=7, priority=65535,udp,in_port=1,vlan_tci=0x0000,dl_src=42:d5:a0:56:46:8a,dl_dst=2a:c1:f7:12:8f:4d,nw_src=11.169.198.107,nw_dst=10.0.0.30,nw_tos=0,tp_src=2,tp_dst=80 actions=output:4
 cookie=0x0, duration=7.631s, table=0, n_packets=1, n_bytes=42, idle_timeout=10, hard_timeout=30, idle_age=7, priority=65535,udp,in_port=1,vlan_tci=0x0000,dl_src=42:d5:a0:56:46:8a,dl_dst=be:27:25:61:af:81,nw_src=73.120.238.28,nw_dst=10.0.0.45,nw_tos=0,tp_src=2,tp_dst=80 actions=output:6
 cookie=0x0, duration=7.467s, table=0, n_packets=1, n_bytes=42, idle_timeout=10, hard_timeout=30, idle_age=7, priority=65535,udp,in_port=1,vlan_tci=0x0000,dl_src=42:d5:a0:56:46:8a,dl_dst=06:8a:d8:18:18:25,nw_src=233.81.10.205,nw_dst=10.0.0.35,nw_tos=0,tp_src=2,tp_dst=80 actions=output:5
 cookie=0x0, duration=7.394s, table=0, n_packets=1, n_bytes=42, idle_timeout=10, hard_timeout=30, idle_age=7, priority=65535,udp,in_port=1,vlan_tci=0x0000,dl_src=42:d5:a0:56:46:8a,dl_dst=a2:4b:fd:7f:49:6d,nw_src=51.60.33.85,nw_dst=10.0.0.9,nw_tos=0,tp_src=2,tp_dst=80 actions=output:2
 cookie=0x0, duration=7.342s, table=0, n_packets=1, n_bytes=42, idle_timeout=10, hard_timeout=30, idle_age=7, priority=65535,udp,in_port=1,vlan_tci=0x0000,dl_src=42:d5:a0:56:46:8a,dl_dst=62:d5:82:e8:5f:d0,nw_src=121.109.76.46,nw_dst=10.0.0.25,nw_tos=0,tp_src=2,tp_dst=80 actions=output:4
 cookie=0x0, duration=7.290s, table=0, n_packets=1, n_bytes=42, idle_timeout=10, hard_timeout=30, idle_age=7, priority=65535,udp,in_port=1,vlan_tci=0x0000,dl_src=42:d5:a0:56:46:8a,dl_dst=9a:bd:ee:fd:be:14,nw_src=134.126.28.106,nw_dst=10.0.0.17,nw_tos=0,tp_src=2,tp_dst=80 actions=output:3
 cookie=0x0, duration=7.251s, table=0, n_packets=1, n_bytes=42, idle_timeout=10, hard_timeout=30, idle_age=7, priority=65535,udp,in_port=1,vlan_tci=0x0000,dl_src=42:d5:a0:56:46:8a,dl_dst=4e:41:d9:3a:95:c2,nw_src=238.80.238.59,nw_dst=10.0.0.23,nw_tos=0,tp_src=2,tp_dst=80 actions=output:3
 cookie=0x0, duration=7.207s, table=0, n_packets=1, n_bytes=42, idle_timeout=10, hard_timeout=30, idle_age=7, priority=65535,udp,in_port=1,vlan_tci=0x0000,dl_src=42:d5:a0:56:46:8a,dl_dst=56:31:b2:7f:ae:f0,nw_src=107.235.88.5,nw_dst=10.0.0.37,nw_tos=0,tp_src=2,tp_dst=80 actions=output:5
 cookie=0x0, duration=7.111s, table=0, n_packets=1, n_bytes=42, idle_timeout=10, hard_timeout=30, idle_age=7, priority=65535,udp,in_port=1,vlan_tci=0x0000,dl_src=42:d5:a0:56:46:8a,dl_dst=be:27:25:61:af:81,nw_src=109.153.25.87,nw_dst=10.0.0.45,nw_tos=0,tp_src=2,tp_dst=80 actions=output:6
 cookie=0x0, duration=7.067s, table=0, n_packets=1, n_bytes=42, idle_timeout=10, hard_timeout=30, idle_age=7, priority=65535,udp,in_port=1,vlan_tci=0x0000,dl_src=42:d5:a0:56:46:8a,dl_dst=22:fb:e7:8c:3d:cb,nw_src=188.14.122.167,nw_dst=10.0.0.54,nw_tos=0,tp_src=2,tp_dst=80 actions=output:7
 cookie=0x0, duration=7.019s, table=0, n_packets=1, n_bytes=42, idle_timeout=10, hard_timeout=30, idle_age=7, priority=65535,udp,in_port=1,vlan_tci=0x0000,dl_src=42:d5:a0:56:46:8a,dl_dst=0a:e2:79:51:62:df,nw_src=252.68.182.230,nw_dst=10.0.0.21,nw_tos=0,tp_src=2,tp_dst=80 actions=output:3
 cookie=0x0, duration=6.971s, table=0, n_packets=1, n_bytes=42, idle_timeout=10, hard_timeout=30, idle_age=6, priority=65535,udp,in_port=1,vlan_tci=0x0000,dl_src=42:d5:a0:56:46:8a,dl_dst=d6:4f:3f:ad:0e:73,nw_src=65.10.39.113,nw_dst=10.0.0.49,nw_tos=0,tp_src=2,tp_dst=80 actions=output:7
 cookie=0x0, duration=6.923s, table=0, n_packets=1, n_bytes=42, idle_timeout=10, hard_timeout=30, idle_age=6, priority=65535,udp,in_port=1,vlan_tci=0x0000,dl_src=42:d5:a0:56:46:8a,dl_dst=06:aa:c0:9d:bf:a1,nw_src=6.255.168.129,nw_dst=10.0.0.19,nw_tos=0,tp_src=2,tp_dst=80 actions=output:3
 cookie=0x0, duration=6.862s, table=0, n_packets=1, n_bytes=42, idle_timeout=10, hard_timeout=30, idle_age=6, priority=65535,udp,in_port=1,vlan_tci=0x0000,dl_src=42:d5:a0:56:46:8a,dl_dst=8e:85:c4:a1:a4:08,nw_src=113.224.91.1,nw_dst=10.0.0.40,nw_tos=0,tp_src=2,tp_dst=80 actions=output:5
 cookie=0x0, duration=6.831s, table=0, n_packets=1, n_bytes=42, idle_timeout=10, hard_timeout=30, idle_age=6, priority=65535,udp,in_port=1,vlan_tci=0x0000,dl_src=42:d5:a0:56:46:8a,dl_dst=02:dc:67:00:bb:9a,nw_src=193.217.224.178,nw_dst=10.0.0.53,nw_tos=0,tp_src=2,tp_dst=80 actions=output:7
 cookie=0x0, duration=6.782s, table=0, n_packets=1, n_bytes=42, idle_timeout=10, hard_timeout=30, idle_age=6, priority=65535,udp,in_port=1,vlan_tci=0x0000,dl_src=42:d5:a0:56:46:8a,dl_dst=e6:4b:d9:07:cb:fd,nw_src=76.119.179.234,nw_dst=10.0.0.44,nw_tos=0,tp_src=2,tp_dst=80 actions=output:6
 cookie=0x0, duration=6.719s, table=0, n_packets=1, n_bytes=42, idle_timeout=10, hard_timeout=30, idle_age=6, priority=65535,udp,in_port=1,vlan_tci=0x0000,dl_src=42:d5:a0:56:46:8a,dl_dst=4e:41:d9:3a:95:c2,nw_src=20.58.172.86,nw_dst=10.0.0.23,nw_tos=0,tp_src=2,tp_dst=80 actions=output:3
 cookie=0x0, duration=6.679s, table=0, n_packets=1, n_bytes=42, idle_timeout=10, hard_timeout=30, idle_age=6, priority=65535,udp,in_port=1,vlan_tci=0x0000,dl_src=42:d5:a0:56:46:8a,dl_dst=a2:4b:fd:7f:49:6d,nw_src=227.229.184.6,nw_dst=10.0.0.9,nw_tos=0,tp_src=2,tp_dst=80 actions=output:2
 cookie=0x0, duration=6.639s, table=0, n_packets=1, n_bytes=42, idle_timeout=10, hard_timeout=30, idle_age=6, priority=65535,udp,in_port=1,vlan_tci=0x0000,dl_src=42:d5:a0:56:46:8a,dl_dst=9a:e3:d4:8f:30:9f,nw_src=119.87.83.142,nw_dst=10.0.0.11,nw_tos=0,tp_src=2,tp_dst=80 actions=output:2
 cookie=0x0, duration=6.567s, table=0, n_packets=1, n_bytes=42, idle_timeout=10, hard_timeout=30, idle_age=6, priority=65535,udp,in_port=1,vlan_tci=0x0000,dl_src=42:d5:a0:56:46:8a,dl_dst=be:27:25:61:af:81,nw_src=138.168.140.179,nw_dst=10.0.0.45,nw_tos=0,tp_src=2,tp_dst=80 actions=output:6
 cookie=0x0, duration=6.499s, table=0, n_packets=1, n_bytes=42, idle_timeout=10, hard_timeout=30, idle_age=6, priority=65535,udp,in_port=1,vlan_tci=0x0000,dl_src=42:d5:a0:56:46:8a,dl_dst=36:fb:f0:17:f9:c9,nw_src=207.246.59.151,nw_dst=10.0.0.16,nw_tos=0,tp_src=2,tp_dst=80 actions=output:2
 cookie=0x0, duration=6.459s, table=0, n_packets=1, n_bytes=42, idle_timeout=10, hard_timeout=30, idle_age=6, priority=65535,udp,in_port=1,vlan_tci=0x0000,dl_src=42:d5:a0:56:46:8a,dl_dst=ea:d4:c1:67:06:c1,nw_src=240.208.167.96,nw_dst=10.0.0.51,nw_tos=0,tp_src=2,tp_dst=80 actions=output:7
 cookie=0x0, duration=6.419s, table=0, n_packets=1, n_bytes=42, idle_timeout=10, hard_timeout=30, idle_age=6, priority=65535,udp,in_port=1,vlan_tci=0x0000,dl_src=42:d5:a0:56:46:8a,dl_dst=9e:3c:87:e8:d5:7a,nw_src=77.134.134.134,nw_dst=10.0.0.59,nw_tos=0,tp_src=2,tp_dst=80 actions=output:8
 cookie=0x0, duration=6.382s, table=0, n_packets=1, n_bytes=42, idle_timeout=10, hard_timeout=30, idle_age=6, priority=65535,udp,in_port=1,vlan_tci=0x0000,dl_src=42:d5:a0:56:46:8a,dl_dst=96:03:61:79:50:6a,nw_src=51.114.108.112,nw_dst=10.0.0.29,nw_tos=0,tp_src=2,tp_dst=80 actions=output:4
 cookie=0x0, duration=6.330s, table=0, n_packets=1, n_bytes=42, idle_timeout=10, hard_timeout=30, idle_age=6, priority=65535,udp,in_port=1,vlan_tci=0x0000,dl_src=42:d5:a0:56:46:8a,dl_dst=ea:5e:5c:f4:8f:cf,nw_src=228.161.144.37,nw_dst=10.0.0.10,nw_tos=0,tp_src=2,tp_dst=80 actions=output:2
 cookie=0x0, duration=6.291s, table=0, n_packets=1, n_bytes=42, idle_timeout=10, hard_timeout=30, idle_age=6, priority=65535,udp,in_port=1,vlan_tci=0x0000,dl_src=42:d5:a0:56:46:8a,dl_dst=26:cd:79:53:21:c6,nw_src=136.180.77.7,nw_dst=10.0.0.50,nw_tos=0,tp_src=2,tp_dst=80 actions=output:7
 cookie=0x0, duration=6.250s, table=0, n_packets=1, n_bytes=42, idle_timeout=10, hard_timeout=30, idle_age=6, priority=65535,udp,in_port=1,vlan_tci=0x0000,dl_src=42:d5:a0:56:46:8a,dl_dst=26:cd:79:53:21:c6,nw_src=85.122.203.178,nw_dst=10.0.0.50,nw_tos=0,tp_src=2,tp_dst=80 actions=output:7
 cookie=0x0, duration=6.207s, table=0, n_packets=1, n_bytes=42, idle_timeout=10, hard_timeout=30, idle_age=6, priority=65535,udp,in_port=1,vlan_tci=0x0000,dl_src=42:d5:a0:56:46:8a,dl_dst=ee:a1:b8:c4:55:bb,nw_src=93.18.186.50,nw_dst=10.0.0.14,nw_tos=0,tp_src=2,tp_dst=80 actions=output:2
 cookie=0x0, duration=6.159s, table=0, n_packets=1, n_bytes=42, idle_timeout=10, hard_timeout=30, idle_age=6, priority=65535,udp,in_port=1,vlan_tci=0x0000,dl_src=42:d5:a0:56:46:8a,dl_dst=c6:1b:7b:68:8a:a4,nw_src=6.82.192.201,nw_dst=10.0.0.32,nw_tos=0,tp_src=2,tp_dst=80 actions=output:4
 cookie=0x0, duration=6.118s, table=0, n_packets=1, n_bytes=42, idle_timeout=10, hard_timeout=30, idle_age=6, priority=65535,udp,in_port=1,vlan_tci=0x0000,dl_src=42:d5:a0:56:46:8a,dl_dst=4e:41:d9:3a:95:c2,nw_src=228.126.115.83,nw_dst=10.0.0.23,nw_tos=0,tp_src=2,tp_dst=80 actions=output:3
 cookie=0x0, duration=6.012s, table=0, n_packets=1, n_bytes=42, idle_timeout=10, hard_timeout=30, idle_age=6, priority=65535,udp,in_port=1,vlan_tci=0x0000,dl_src=42:d5:a0:56:46:8a,dl_dst=f2:9f:5e:8d:22:af,nw_src=208.157.61.57,nw_dst=10.0.0.26,nw_tos=0,tp_src=2,tp_dst=80 actions=output:4
 cookie=0x0, duration=5.971s, table=0, n_packets=1, n_bytes=42, idle_timeout=10, hard_timeout=30, idle_age=5, priority=65535,udp,in_port=1,vlan_tci=0x0000,dl_src=42:d5:a0:56:46:8a,dl_dst=7a:4b:c5:e6:b2:f2,nw_src=19.242.83.41,nw_dst=10.0.0.31,nw_tos=0,tp_src=2,tp_dst=80 actions=output:4
 cookie=0x0, duration=5.910s, table=0, n_packets=1, n_bytes=42, idle_timeout=10, hard_timeout=30, idle_age=5, priority=65535,udp,in_port=1,vlan_tci=0x0000,dl_src=42:d5:a0:56:46:8a,dl_dst=ee:ab:49:af:85:44,nw_src=175.141.130.185,nw_dst=10.0.0.13,nw_tos=0,tp_src=2,tp_dst=80 actions=output:2
 cookie=0x0, duration=5.851s, table=0, n_packets=1, n_bytes=42, idle_timeout=10, hard_timeout=30, idle_age=5, priority=65535,udp,in_port=1,vlan_tci=0x0000,dl_src=42:d5:a0:56:46:8a,dl_dst=76:2d:87:43:49:ba,nw_src=233.108.140.223,nw_dst=10.0.0.39,nw_tos=0,tp_src=2,tp_dst=80 actions=output:5
 cookie=0x0, duration=5.755s, table=0, n_packets=1, n_bytes=42, idle_timeout=10, hard_timeout=30, idle_age=5, priority=65535,udp,in_port=1,vlan_tci=0x0000,dl_src=42:d5:a0:56:46:8a,dl_dst=0e:91:14:4a:04:73,nw_src=186.153.147.161,nw_dst=10.0.0.48,nw_tos=0,tp_src=2,tp_dst=80 actions=output:6
 cookie=0x0, duration=5.719s, table=0, n_packets=1, n_bytes=42, idle_timeout=10, hard_timeout=30, idle_age=5, priority=65535,udp,in_port=1,vlan_tci=0x0000,dl_src=42:d5:a0:56:46:8a,dl_dst=0a:e2:79:51:62:df,nw_src=202.225.119.160,nw_dst=10.0.0.21,nw_tos=0,tp_src=2,tp_dst=80 actions=output:3
 cookie=0x0, duration=5.671s, table=0, n_packets=1, n_bytes=42, idle_timeout=10, hard_timeout=30, idle_age=5, priority=65535,udp,in_port=1,vlan_tci=0x0000,dl_src=42:d5:a0:56:46:8a,dl_dst=26:cd:79:53:21:c6,nw_src=80.14.107.22,nw_dst=10.0.0.50,nw_tos=0,tp_src=2,tp_dst=80 actions=output:7
 cookie=0x0, duration=5.623s, table=0, n_packets=1, n_bytes=42, idle_timeout=10, hard_timeout=30, idle_age=5, priority=65535,udp,in_port=1,vlan_tci=0x0000,dl_src=42:d5:a0:56:46:8a,dl_dst=7a:4b:c5:e6:b2:f2,nw_src=213.249.30.210,nw_dst=10.0.0.31,nw_tos=0,tp_src=2,tp_dst=80 actions=output:4
 cookie=0x0, duration=5.583s, table=0, n_packets=1, n_bytes=42, idle_timeout=10, hard_timeout=30, idle_age=5, priority=65535,udp,in_port=1,vlan_tci=0x0000,dl_src=42:d5:a0:56:46:8a,dl_dst=e6:4b:d9:07:cb:fd,nw_src=99.117.82.173,nw_dst=10.0.0.44,nw_tos=0,tp_src=2,tp_dst=80 actions=output:6
 cookie=0x0, duration=5.539s, table=0, n_packets=1, n_bytes=42, idle_timeout=10, hard_timeout=30, idle_age=5, priority=65535,udp,in_port=1,vlan_tci=0x0000,dl_src=42:d5:a0:56:46:8a,dl_dst=aa:1e:ca:17:f4:73,nw_src=46.155.131.212,nw_dst=10.0.0.43,nw_tos=0,tp_src=2,tp_dst=80 actions=output:6
 cookie=0x0, duration=5.439s, table=0, n_packets=1, n_bytes=42, idle_timeout=10, hard_timeout=30, idle_age=5, priority=65535,udp,in_port=1,vlan_tci=0x0000,dl_src=42:d5:a0:56:46:8a,dl_dst=0e:b3:e5:19:28:4c,nw_src=91.107.82.20,nw_dst=10.0.0.57,nw_tos=0,tp_src=2,tp_dst=80 actions=output:8
 cookie=0x0, duration=5.364s, table=0, n_packets=1, n_bytes=42, idle_timeout=10, hard_timeout=30, idle_age=5, priority=65535,udp,in_port=1,vlan_tci=0x0000,dl_src=42:d5:a0:56:46:8a,dl_dst=5e:4e:40:54:96:6f,nw_src=94.174.122.84,nw_dst=10.0.0.36,nw_tos=0,tp_src=2,tp_dst=80 actions=output:5
 cookie=0x0, duration=5.310s, table=0, n_packets=1, n_bytes=42, idle_timeout=10, hard_timeout=30, idle_age=5, priority=65535,udp,in_port=1,vlan_tci=0x0000,dl_src=42:d5:a0:56:46:8a,dl_dst=0e:91:14:4a:04:73,nw_src=133.106.220.193,nw_dst=10.0.0.48,nw_tos=0,tp_src=2,tp_dst=80 actions=output:6
 cookie=0x0, duration=5.259s, table=0, n_packets=1, n_bytes=42, idle_timeout=10, hard_timeout=30, idle_age=5, priority=65535,udp,in_port=1,vlan_tci=0x0000,dl_src=42:d5:a0:56:46:8a,dl_dst=9a:bd:ee:fd:be:14,nw_src=28.71.176.131,nw_dst=10.0.0.17,nw_tos=0,tp_src=2,tp_dst=80 actions=output:3
 cookie=0x0, duration=5.207s, table=0, n_packets=1, n_bytes=42, idle_timeout=10, hard_timeout=30, idle_age=5, priority=65535,udp,in_port=1,vlan_tci=0x0000,dl_src=42:d5:a0:56:46:8a,dl_dst=0e:b3:e5:19:28:4c,nw_src=64.129.161.82,nw_dst=10.0.0.57,nw_tos=0,tp_src=2,tp_dst=80 actions=output:8
 cookie=0x0, duration=5.170s, table=0, n_packets=1, n_bytes=42, idle_timeout=10, hard_timeout=30, idle_age=5, priority=65535,udp,in_port=1,vlan_tci=0x0000,dl_src=42:d5:a0:56:46:8a,dl_dst=76:2d:87:43:49:ba,nw_src=160.149.156.23,nw_dst=10.0.0.39,nw_tos=0,tp_src=2,tp_dst=80 actions=output:5
 cookie=0x0, duration=5.091s, table=0, n_packets=1, n_bytes=42, idle_timeout=10, hard_timeout=30, idle_age=5, priority=65535,udp,in_port=1,vlan_tci=0x0000,dl_src=42:d5:a0:56:46:8a,dl_dst=de:c9:6f:63:4a:2e,nw_src=193.121.24.191,nw_dst=10.0.0.46,nw_tos=0,tp_src=2,tp_dst=80 actions=output:6
 cookie=0x0, duration=5.046s, table=0, n_packets=1, n_bytes=42, idle_timeout=10, hard_timeout=30, idle_age=5, priority=65535,udp,in_port=1,vlan_tci=0x0000,dl_src=42:d5:a0:56:46:8a,dl_dst=06:aa:c0:9d:bf:a1,nw_src=107.67.11.176,nw_dst=10.0.0.19,nw_tos=0,tp_src=2,tp_dst=80 actions=output:3
 cookie=0x0, duration=4.982s, table=0, n_packets=1, n_bytes=42, idle_timeout=10, hard_timeout=30, idle_age=4, priority=65535,udp,in_port=1,vlan_tci=0x0000,dl_src=42:d5:a0:56:46:8a,dl_dst=b2:98:08:6a:cb:b7,nw_src=225.113.83.182,nw_dst=10.0.0.55,nw_tos=0,tp_src=2,tp_dst=80 actions=output:7
 cookie=0x0, duration=4.883s, table=0, n_packets=1, n_bytes=42, idle_timeout=10, hard_timeout=30, idle_age=4, priority=65535,udp,in_port=1,vlan_tci=0x0000,dl_src=42:d5:a0:56:46:8a,dl_dst=c6:1b:7b:68:8a:a4,nw_src=183.95.174.45,nw_dst=10.0.0.32,nw_tos=0,tp_src=2,tp_dst=80 actions=output:4
 cookie=0x0, duration=4.839s, table=0, n_packets=1, n_bytes=42, idle_timeout=10, hard_timeout=30, idle_age=4, priority=65535,udp,in_port=1,vlan_tci=0x0000,dl_src=42:d5:a0:56:46:8a,dl_dst=0e:b3:e5:19:28:4c,nw_src=61.32.193.194,nw_dst=10.0.0.57,nw_tos=0,tp_src=2,tp_dst=80 actions=output:8
 cookie=0x0, duration=4.806s, table=0, n_packets=1, n_bytes=42, idle_timeout=10, hard_timeout=30, idle_age=4, priority=65535,udp,in_port=1,vlan_tci=0x0000,dl_src=42:d5:a0:56:46:8a,dl_dst=be:b6:bd:0d:d5:78,nw_src=134.115.197.7,nw_dst=10.0.0.27,nw_tos=0,tp_src=2,tp_dst=80 actions=output:4
 cookie=0x0, duration=4.711s, table=0, n_packets=1, n_bytes=42, idle_timeout=10, hard_timeout=30, idle_age=4, priority=65535,udp,in_port=1,vlan_tci=0x0000,dl_src=42:d5:a0:56:46:8a,dl_dst=16:46:e9:50:78:a5,nw_src=156.171.165.154,nw_dst=10.0.0.56,nw_tos=0,tp_src=2,tp_dst=80 actions=output:7
 cookie=0x0, duration=4.679s, table=0, n_packets=1, n_bytes=42, idle_timeout=10, hard_timeout=30, idle_age=4, priority=65535,udp,in_port=1,vlan_tci=0x0000,dl_src=42:d5:a0:56:46:8a,dl_dst=32:c7:f2:11:42:6e,nw_src=236.124.113.151,nw_dst=10.0.0.12,nw_tos=0,tp_src=2,tp_dst=80 actions=output:2
 cookie=0x0, duration=4.570s, table=0, n_packets=1, n_bytes=42, idle_timeout=10, hard_timeout=30, idle_age=4, priority=65535,udp,in_port=1,vlan_tci=0x0000,dl_src=42:d5:a0:56:46:8a,dl_dst=9e:29:48:70:2b:de,nw_src=252.212.137.20,nw_dst=10.0.0.28,nw_tos=0,tp_src=2,tp_dst=80 actions=output:4
 cookie=0x0, duration=4.510s, table=0, n_packets=1, n_bytes=42, idle_timeout=10, hard_timeout=30, idle_age=4, priority=65535,udp,in_port=1,vlan_tci=0x0000,dl_src=42:d5:a0:56:46:8a,dl_dst=ee:ab:49:af:85:44,nw_src=234.75.50.214,nw_dst=10.0.0.13,nw_tos=0,tp_src=2,tp_dst=80 actions=output:2
 cookie=0x0, duration=4.467s, table=0, n_packets=1, n_bytes=42, idle_timeout=10, hard_timeout=30, idle_age=4, priority=65535,udp,in_port=1,vlan_tci=0x0000,dl_src=42:d5:a0:56:46:8a,dl_dst=0a:e2:79:51:62:df,nw_src=23.140.128.33,nw_dst=10.0.0.21,nw_tos=0,tp_src=2,tp_dst=80 actions=output:3
 cookie=0x0, duration=4.423s, table=0, n_packets=1, n_bytes=42, idle_timeout=10, hard_timeout=30, idle_age=4, priority=65535,udp,in_port=1,vlan_tci=0x0000,dl_src=42:d5:a0:56:46:8a,dl_dst=b2:98:08:6a:cb:b7,nw_src=151.74.225.227,nw_dst=10.0.0.55,nw_tos=0,tp_src=2,tp_dst=80 actions=output:7
 cookie=0x0, duration=4.379s, table=0, n_packets=1, n_bytes=42, idle_timeout=10, hard_timeout=30, idle_age=4, priority=65535,udp,in_port=1,vlan_tci=0x0000,dl_src=42:d5:a0:56:46:8a,dl_dst=32:c7:f2:11:42:6e,nw_src=140.27.112.36,nw_dst=10.0.0.12,nw_tos=0,tp_src=2,tp_dst=80 actions=output:2
 cookie=0x0, duration=4.319s, table=0, n_packets=1, n_bytes=42, idle_timeout=10, hard_timeout=30, idle_age=4, priority=65535,udp,in_port=1,vlan_tci=0x0000,dl_src=42:d5:a0:56:46:8a,dl_dst=56:31:b2:7f:ae:f0,nw_src=101.115.229.212,nw_dst=10.0.0.37,nw_tos=0,tp_src=2,tp_dst=80 actions=output:5
 cookie=0x0, duration=4.278s, table=0, n_packets=1, n_bytes=42, idle_timeout=10, hard_timeout=30, idle_age=4, priority=65535,udp,in_port=1,vlan_tci=0x0000,dl_src=42:d5:a0:56:46:8a,dl_dst=16:46:e9:50:78:a5,nw_src=8.249.103.128,nw_dst=10.0.0.56,nw_tos=0,tp_src=2,tp_dst=80 actions=output:7
 cookie=0x0, duration=4.181s, table=0, n_packets=1, n_bytes=42, idle_timeout=10, hard_timeout=30, idle_age=4, priority=65535,udp,in_port=1,vlan_tci=0x0000,dl_src=42:d5:a0:56:46:8a,dl_dst=32:06:b7:cf:da:fb,nw_src=144.61.66.156,nw_dst=10.0.0.47,nw_tos=0,tp_src=2,tp_dst=80 actions=output:6
 cookie=0x0, duration=4.142s, table=0, n_packets=1, n_bytes=42, idle_timeout=10, hard_timeout=30, idle_age=4, priority=65535,udp,in_port=1,vlan_tci=0x0000,dl_src=42:d5:a0:56:46:8a,dl_dst=22:fb:e7:8c:3d:cb,nw_src=220.179.176.33,nw_dst=10.0.0.54,nw_tos=0,tp_src=2,tp_dst=80 actions=output:7
 cookie=0x0, duration=4.082s, table=0, n_packets=1, n_bytes=42, idle_timeout=10, hard_timeout=30, idle_age=4, priority=65535,udp,in_port=1,vlan_tci=0x0000,dl_src=42:d5:a0:56:46:8a,dl_dst=9a:bd:ee:fd:be:14,nw_src=44.10.78.114,nw_dst=10.0.0.17,nw_tos=0,tp_src=2,tp_dst=80 actions=output:3
 cookie=0x0, duration=4.035s, table=0, n_packets=1, n_bytes=42, idle_timeout=10, hard_timeout=30, idle_age=4, priority=65535,udp,in_port=1,vlan_tci=0x0000,dl_src=42:d5:a0:56:46:8a,dl_dst=c6:1b:7b:68:8a:a4,nw_src=45.57.92.159,nw_dst=10.0.0.32,nw_tos=0,tp_src=2,tp_dst=80 actions=output:4
 cookie=0x0, duration=3.966s, table=0, n_packets=1, n_bytes=42, idle_timeout=10, hard_timeout=30, idle_age=3, priority=65535,udp,in_port=1,vlan_tci=0x0000,dl_src=42:d5:a0:56:46:8a,dl_dst=06:8a:d8:18:18:25,nw_src=197.231.94.156,nw_dst=10.0.0.35,nw_tos=0,tp_src=2,tp_dst=80 actions=output:5
 cookie=0x0, duration=3.907s, table=0, n_packets=1, n_bytes=42, idle_timeout=10, hard_timeout=30, idle_age=3, priority=65535,udp,in_port=1,vlan_tci=0x0000,dl_src=42:d5:a0:56:46:8a,dl_dst=76:b5:0e:37:58:08,nw_src=206.198.97.103,nw_dst=10.0.0.60,nw_tos=0,tp_src=2,tp_dst=80 actions=output:8
 cookie=0x0, duration=3.863s, table=0, n_packets=1, n_bytes=42, idle_timeout=10, hard_timeout=30, idle_age=3, priority=65535,udp,in_port=1,vlan_tci=0x0000,dl_src=42:d5:a0:56:46:8a,dl_dst=d6:4f:3f:ad:0e:73,nw_src=252.98.125.163,nw_dst=10.0.0.49,nw_tos=0,tp_src=2,tp_dst=80 actions=output:7
 cookie=0x0, duration=3.823s, table=0, n_packets=1, n_bytes=42, idle_timeout=10, hard_timeout=30, idle_age=3, priority=65535,udp,in_port=1,vlan_tci=0x0000,dl_src=42:d5:a0:56:46:8a,dl_dst=86:0e:62:8b:8c:1f,nw_src=27.194.137.20,nw_dst=10.0.0.63,nw_tos=0,tp_src=2,tp_dst=80 actions=output:8
 cookie=0x0, duration=3.726s, table=0, n_packets=1, n_bytes=42, idle_timeout=10, hard_timeout=30, idle_age=3, priority=65535,udp,in_port=1,vlan_tci=0x0000,dl_src=42:d5:a0:56:46:8a,dl_dst=d6:4f:3f:ad:0e:73,nw_src=161.208.112.233,nw_dst=10.0.0.49,nw_tos=0,tp_src=2,tp_dst=80 actions=output:7
 cookie=0x0, duration=3.686s, table=0, n_packets=1, n_bytes=42, idle_timeout=10, hard_timeout=30, idle_age=3, priority=65535,udp,in_port=1,vlan_tci=0x0000,dl_src=42:d5:a0:56:46:8a,dl_dst=76:b5:0e:37:58:08,nw_src=118.183.131.10,nw_dst=10.0.0.60,nw_tos=0,tp_src=2,tp_dst=80 actions=output:8
 cookie=0x0, duration=3.638s, table=0, n_packets=1, n_bytes=42, idle_timeout=10, hard_timeout=30, idle_age=3, priority=65535,udp,in_port=1,vlan_tci=0x0000,dl_src=42:d5:a0:56:46:8a,dl_dst=be:27:25:61:af:81,nw_src=252.113.150.137,nw_dst=10.0.0.45,nw_tos=0,tp_src=2,tp_dst=80 actions=output:6
 cookie=0x0, duration=3.590s, table=0, n_packets=1, n_bytes=42, idle_timeout=10, hard_timeout=30, idle_age=3, priority=65535,udp,in_port=1,vlan_tci=0x0000,dl_src=42:d5:a0:56:46:8a,dl_dst=d6:4f:3f:ad:0e:73,nw_src=116.239.194.229,nw_dst=10.0.0.49,nw_tos=0,tp_src=2,tp_dst=80 actions=output:7
 cookie=0x0, duration=3.499s, table=0, n_packets=1, n_bytes=42, idle_timeout=10, hard_timeout=30, idle_age=3, priority=65535,udp,in_port=1,vlan_tci=0x0000,dl_src=42:d5:a0:56:46:8a,dl_dst=5e:7b:1d:b3:e0:ac,nw_src=115.28.160.2,nw_dst=10.0.0.52,nw_tos=0,tp_src=2,tp_dst=80 actions=output:7
 cookie=0x0, duration=3.459s, table=0, n_packets=1, n_bytes=42, idle_timeout=10, hard_timeout=30, idle_age=3, priority=65535,udp,in_port=1,vlan_tci=0x0000,dl_src=42:d5:a0:56:46:8a,dl_dst=76:2d:87:43:49:ba,nw_src=183.159.12.121,nw_dst=10.0.0.39,nw_tos=0,tp_src=2,tp_dst=80 actions=output:5
 cookie=0x0, duration=3.410s, table=0, n_packets=1, n_bytes=42, idle_timeout=10, hard_timeout=30, idle_age=3, priority=65535,udp,in_port=1,vlan_tci=0x0000,dl_src=42:d5:a0:56:46:8a,dl_dst=9a:e3:d4:8f:30:9f,nw_src=201.54.235.125,nw_dst=10.0.0.11,nw_tos=0,tp_src=2,tp_dst=80 actions=output:2
 cookie=0x0, duration=3.351s, table=0, n_packets=1, n_bytes=42, idle_timeout=10, hard_timeout=30, idle_age=3, priority=65535,udp,in_port=1,vlan_tci=0x0000,dl_src=42:d5:a0:56:46:8a,dl_dst=f2:9f:5e:8d:22:af,nw_src=212.92.202.38,nw_dst=10.0.0.26,nw_tos=0,tp_src=2,tp_dst=80 actions=output:4
 cookie=0x0, duration=3.291s, table=0, n_packets=1, n_bytes=42, idle_timeout=10, hard_timeout=30, idle_age=3, priority=65535,udp,in_port=1,vlan_tci=0x0000,dl_src=42:d5:a0:56:46:8a,dl_dst=76:b5:0e:37:58:08,nw_src=249.233.153.68,nw_dst=10.0.0.60,nw_tos=0,tp_src=2,tp_dst=80 actions=output:8
 cookie=0x0, duration=3.238s, table=0, n_packets=1, n_bytes=42, idle_timeout=10, hard_timeout=30, idle_age=3, priority=65535,udp,in_port=1,vlan_tci=0x0000,dl_src=42:d5:a0:56:46:8a,dl_dst=66:b9:7a:57:5b:af,nw_src=213.40.132.155,nw_dst=10.0.0.22,nw_tos=0,tp_src=2,tp_dst=80 actions=output:3
 cookie=0x0, duration=3.175s, table=0, n_packets=1, n_bytes=42, idle_timeout=10, hard_timeout=30, idle_age=3, priority=65535,udp,in_port=1,vlan_tci=0x0000,dl_src=42:d5:a0:56:46:8a,dl_dst=b2:98:08:6a:cb:b7,nw_src=24.105.30.241,nw_dst=10.0.0.55,nw_tos=0,tp_src=2,tp_dst=80 actions=output:7
 cookie=0x0, duration=3.091s, table=0, n_packets=1, n_bytes=42, idle_timeout=10, hard_timeout=30, idle_age=3, priority=65535,udp,in_port=1,vlan_tci=0x0000,dl_src=42:d5:a0:56:46:8a,dl_dst=1a:e6:ee:3a:58:cf,nw_src=115.10.64.136,nw_dst=10.0.0.41,nw_tos=0,tp_src=2,tp_dst=80 actions=output:6
 cookie=0x0, duration=3.051s, table=0, n_packets=1, n_bytes=42, idle_timeout=10, hard_timeout=30, idle_age=3, priority=65535,udp,in_port=1,vlan_tci=0x0000,dl_src=42:d5:a0:56:46:8a,dl_dst=06:8a:d8:18:18:25,nw_src=143.240.186.142,nw_dst=10.0.0.35,nw_tos=0,tp_src=2,tp_dst=80 actions=output:5
 cookie=0x0, duration=2.963s, table=0, n_packets=1, n_bytes=42, idle_timeout=10, hard_timeout=30, idle_age=2, priority=65535,udp,in_port=1,vlan_tci=0x0000,dl_src=42:d5:a0:56:46:8a,dl_dst=92:7e:51:ac:9a:12,nw_src=212.110.57.59,nw_dst=10.0.0.61,nw_tos=0,tp_src=2,tp_dst=80 actions=output:8
 cookie=0x0, duration=2.863s, table=0, n_packets=1, n_bytes=42, idle_timeout=10, hard_timeout=30, idle_age=2, priority=65535,udp,in_port=1,vlan_tci=0x0000,dl_src=42:d5:a0:56:46:8a,dl_dst=86:0e:62:8b:8c:1f,nw_src=166.79.20.67,nw_dst=10.0.0.63,nw_tos=0,tp_src=2,tp_dst=80 actions=output:8
 cookie=0x0, duration=2.819s, table=0, n_packets=1, n_bytes=42, idle_timeout=10, hard_timeout=30, idle_age=2, priority=65535,udp,in_port=1,vlan_tci=0x0000,dl_src=42:d5:a0:56:46:8a,dl_dst=32:d8:bf:5d:15:2f,nw_src=205.142.13.239,nw_dst=10.0.0.15,nw_tos=0,tp_src=2,tp_dst=80 actions=output:2
 cookie=0x0, duration=2.762s, table=0, n_packets=1, n_bytes=42, idle_timeout=10, hard_timeout=30, idle_age=2, priority=65535,udp,in_port=1,vlan_tci=0x0000,dl_src=42:d5:a0:56:46:8a,dl_dst=32:06:b7:cf:da:fb,nw_src=190.217.119.19,nw_dst=10.0.0.47,nw_tos=0,tp_src=2,tp_dst=80 actions=output:6
 cookie=0x0, duration=2.706s, table=0, n_packets=1, n_bytes=42, idle_timeout=10, hard_timeout=30, idle_age=2, priority=65535,udp,in_port=1,vlan_tci=0x0000,dl_src=42:d5:a0:56:46:8a,dl_dst=9a:e3:d4:8f:30:9f,nw_src=197.161.216.143,nw_dst=10.0.0.11,nw_tos=0,tp_src=2,tp_dst=80 actions=output:2
 cookie=0x0, duration=2.659s, table=0, n_packets=1, n_bytes=42, idle_timeout=10, hard_timeout=30, idle_age=2, priority=65535,udp,in_port=1,vlan_tci=0x0000,dl_src=42:d5:a0:56:46:8a,dl_dst=76:2d:87:43:49:ba,nw_src=46.174.41.193,nw_dst=10.0.0.39,nw_tos=0,tp_src=2,tp_dst=80 actions=output:5
 cookie=0x0, duration=2.607s, table=0, n_packets=1, n_bytes=42, idle_timeout=10, hard_timeout=30, idle_age=2, priority=65535,udp,in_port=1,vlan_tci=0x0000,dl_src=42:d5:a0:56:46:8a,dl_dst=0a:e2:79:51:62:df,nw_src=242.35.235.53,nw_dst=10.0.0.21,nw_tos=0,tp_src=2,tp_dst=80 actions=output:3
 cookie=0x0, duration=2.494s, table=0, n_packets=1, n_bytes=42, idle_timeout=10, hard_timeout=30, idle_age=2, priority=65535,udp,in_port=1,vlan_tci=0x0000,dl_src=42:d5:a0:56:46:8a,dl_dst=7a:4b:c5:e6:b2:f2,nw_src=193.37.241.27,nw_dst=10.0.0.31,nw_tos=0,tp_src=2,tp_dst=80 actions=output:4
 cookie=0x0, duration=2.443s, table=0, n_packets=1, n_bytes=42, idle_timeout=10, hard_timeout=30, idle_age=2, priority=65535,udp,in_port=1,vlan_tci=0x0000,dl_src=42:d5:a0:56:46:8a,dl_dst=0a:e2:79:51:62:df,nw_src=27.91.167.254,nw_dst=10.0.0.21,nw_tos=0,tp_src=2,tp_dst=80 actions=output:3
 cookie=0x0, duration=2.394s, table=0, n_packets=1, n_bytes=42, idle_timeout=10, hard_timeout=30, idle_age=2, priority=65535,udp,in_port=1,vlan_tci=0x0000,dl_src=42:d5:a0:56:46:8a,dl_dst=de:c9:6f:63:4a:2e,nw_src=44.159.144.10,nw_dst=10.0.0.46,nw_tos=0,tp_src=2,tp_dst=80 actions=output:6
 cookie=0x0, duration=2.343s, table=0, n_packets=1, n_bytes=42, idle_timeout=10, hard_timeout=30, idle_age=2, priority=65535,udp,in_port=1,vlan_tci=0x0000,dl_src=42:d5:a0:56:46:8a,dl_dst=ee:ab:49:af:85:44,nw_src=104.87.164.194,nw_dst=10.0.0.13,nw_tos=0,tp_src=2,tp_dst=80 actions=output:2
 cookie=0x0, duration=2.291s, table=0, n_packets=1, n_bytes=42, idle_timeout=10, hard_timeout=30, idle_age=2, priority=65535,udp,in_port=1,vlan_tci=0x0000,dl_src=42:d5:a0:56:46:8a,dl_dst=76:2d:87:43:49:ba,nw_src=81.116.89.37,nw_dst=10.0.0.39,nw_tos=0,tp_src=2,tp_dst=80 actions=output:5
 cookie=0x0, duration=2.250s, table=0, n_packets=1, n_bytes=42, idle_timeout=10, hard_timeout=30, idle_age=2, priority=65535,udp,in_port=1,vlan_tci=0x0000,dl_src=42:d5:a0:56:46:8a,dl_dst=de:c9:6f:63:4a:2e,nw_src=22.236.202.204,nw_dst=10.0.0.46,nw_tos=0,tp_src=2,tp_dst=80 actions=output:6
 cookie=0x0, duration=2.207s, table=0, n_packets=1, n_bytes=42, idle_timeout=10, hard_timeout=30, idle_age=2, priority=65535,udp,in_port=1,vlan_tci=0x0000,dl_src=42:d5:a0:56:46:8a,dl_dst=02:dc:67:00:bb:9a,nw_src=118.145.167.126,nw_dst=10.0.0.53,nw_tos=0,tp_src=2,tp_dst=80 actions=output:7
 cookie=0x0, duration=2.158s, table=0, n_packets=1, n_bytes=42, idle_timeout=10, hard_timeout=30, idle_age=2, priority=65535,udp,in_port=1,vlan_tci=0x0000,dl_src=42:d5:a0:56:46:8a,dl_dst=76:2d:87:43:49:ba,nw_src=49.196.106.87,nw_dst=10.0.0.39,nw_tos=0,tp_src=2,tp_dst=80 actions=output:5
 cookie=0x0, duration=2.070s, table=0, n_packets=1, n_bytes=42, idle_timeout=10, hard_timeout=30, idle_age=2, priority=65535,udp,in_port=1,vlan_tci=0x0000,dl_src=42:d5:a0:56:46:8a,dl_dst=9e:29:48:70:2b:de,nw_src=114.122.241.45,nw_dst=10.0.0.28,nw_tos=0,tp_src=2,tp_dst=80 actions=output:4
 cookie=0x0, duration=2.035s, table=0, n_packets=1, n_bytes=42, idle_timeout=10, hard_timeout=30, idle_age=2, priority=65535,udp,in_port=1,vlan_tci=0x0000,dl_src=42:d5:a0:56:46:8a,dl_dst=9a:bd:ee:fd:be:14,nw_src=255.129.88.81,nw_dst=10.0.0.17,nw_tos=0,tp_src=2,tp_dst=80 actions=output:3
 cookie=0x0, duration=1.991s, table=0, n_packets=1, n_bytes=42, idle_timeout=10, hard_timeout=30, idle_age=1, priority=65535,udp,in_port=1,vlan_tci=0x0000,dl_src=42:d5:a0:56:46:8a,dl_dst=c6:1b:7b:68:8a:a4,nw_src=222.124.221.142,nw_dst=10.0.0.32,nw_tos=0,tp_src=2,tp_dst=80 actions=output:4
 cookie=0x0, duration=1.938s, table=0, n_packets=1, n_bytes=42, idle_timeout=10, hard_timeout=30, idle_age=1, priority=65535,udp,in_port=1,vlan_tci=0x0000,dl_src=42:d5:a0:56:46:8a,dl_dst=f2:9f:5e:8d:22:af,nw_src=225.135.137.173,nw_dst=10.0.0.26,nw_tos=0,tp_src=2,tp_dst=80 actions=output:4
 cookie=0x0, duration=1.887s, table=0, n_packets=1, n_bytes=42, idle_timeout=10, hard_timeout=30, idle_age=1, priority=65535,udp,in_port=1,vlan_tci=0x0000,dl_src=42:d5:a0:56:46:8a,dl_dst=de:c9:6f:63:4a:2e,nw_src=184.26.243.173,nw_dst=10.0.0.46,nw_tos=0,tp_src=2,tp_dst=80 actions=output:6
 cookie=0x0, duration=1.847s, table=0, n_packets=1, n_bytes=42, idle_timeout=10, hard_timeout=30, idle_age=1, priority=65535,udp,in_port=1,vlan_tci=0x0000,dl_src=42:d5:a0:56:46:8a,dl_dst=1a:e6:ee:3a:58:cf,nw_src=112.30.97.53,nw_dst=10.0.0.41,nw_tos=0,tp_src=2,tp_dst=80 actions=output:6
 cookie=0x0, duration=1.743s, table=0, n_packets=1, n_bytes=42, idle_timeout=10, hard_timeout=30, idle_age=1, priority=65535,udp,in_port=1,vlan_tci=0x0000,dl_src=42:d5:a0:56:46:8a,dl_dst=16:46:e9:50:78:a5,nw_src=9.215.128.188,nw_dst=10.0.0.56,nw_tos=0,tp_src=2,tp_dst=80 actions=output:7
 cookie=0x0, duration=1.691s, table=0, n_packets=1, n_bytes=42, idle_timeout=10, hard_timeout=30, idle_age=1, priority=65535,udp,in_port=1,vlan_tci=0x0000,dl_src=42:d5:a0:56:46:8a,dl_dst=9a:bd:ee:fd:be:14,nw_src=91.214.44.86,nw_dst=10.0.0.17,nw_tos=0,tp_src=2,tp_dst=80 actions=output:3
 cookie=0x0, duration=1.575s, table=0, n_packets=1, n_bytes=42, idle_timeout=10, hard_timeout=30, idle_age=1, priority=65535,udp,in_port=1,vlan_tci=0x0000,dl_src=42:d5:a0:56:46:8a,dl_dst=8e:85:c4:a1:a4:08,nw_src=144.193.167.225,nw_dst=10.0.0.40,nw_tos=0,tp_src=2,tp_dst=80 actions=output:5
 cookie=0x0, duration=1.526s, table=0, n_packets=1, n_bytes=42, idle_timeout=10, hard_timeout=30, idle_age=1, priority=65535,udp,in_port=1,vlan_tci=0x0000,dl_src=42:d5:a0:56:46:8a,dl_dst=32:06:b7:cf:da:fb,nw_src=180.226.205.29,nw_dst=10.0.0.47,nw_tos=0,tp_src=2,tp_dst=80 actions=output:6
 cookie=0x0, duration=1.474s, table=0, n_packets=1, n_bytes=42, idle_timeout=10, hard_timeout=30, idle_age=1, priority=65535,udp,in_port=1,vlan_tci=0x0000,dl_src=42:d5:a0:56:46:8a,dl_dst=e6:4b:d9:07:cb:fd,nw_src=205.91.51.36,nw_dst=10.0.0.44,nw_tos=0,tp_src=2,tp_dst=80 actions=output:6
 cookie=0x0, duration=1.434s, table=0, n_packets=1, n_bytes=42, idle_timeout=10, hard_timeout=30, idle_age=1, priority=65535,udp,in_port=1,vlan_tci=0x0000,dl_src=42:d5:a0:56:46:8a,dl_dst=0a:e2:79:51:62:df,nw_src=129.159.62.227,nw_dst=10.0.0.21,nw_tos=0,tp_src=2,tp_dst=80 actions=output:3
 cookie=0x0, duration=1.382s, table=0, n_packets=1, n_bytes=42, idle_timeout=10, hard_timeout=30, idle_age=1, priority=65535,udp,in_port=1,vlan_tci=0x0000,dl_src=42:d5:a0:56:46:8a,dl_dst=2e:a0:dd:24:86:6e,nw_src=255.162.5.254,nw_dst=10.0.0.58,nw_tos=0,tp_src=2,tp_dst=80 actions=output:8
 cookie=0x0, duration=1.343s, table=0, n_packets=1, n_bytes=42, idle_timeout=10, hard_timeout=30, idle_age=1, priority=65535,udp,in_port=1,vlan_tci=0x0000,dl_src=42:d5:a0:56:46:8a,dl_dst=f2:9f:5e:8d:22:af,nw_src=147.40.89.66,nw_dst=10.0.0.26,nw_tos=0,tp_src=2,tp_dst=80 actions=output:4
 cookie=0x0, duration=1.310s, table=0, n_packets=1, n_bytes=42, idle_timeout=10, hard_timeout=30, idle_age=1, priority=65535,udp,in_port=1,vlan_tci=0x0000,dl_src=42:d5:a0:56:46:8a,dl_dst=e2:7d:f2:33:b8:13,nw_src=23.45.30.237,nw_dst=10.0.0.62,nw_tos=0,tp_src=2,tp_dst=80 actions=output:8
 cookie=0x0, duration=1.267s, table=0, n_packets=1, n_bytes=42, idle_timeout=10, hard_timeout=30, idle_age=1, priority=65535,udp,in_port=1,vlan_tci=0x0000,dl_src=42:d5:a0:56:46:8a,dl_dst=9a:e3:d4:8f:30:9f,nw_src=136.192.16.26,nw_dst=10.0.0.11,nw_tos=0,tp_src=2,tp_dst=80 actions=output:2
 cookie=0x0, duration=1.223s, table=0, n_packets=1, n_bytes=42, idle_timeout=10, hard_timeout=30, idle_age=1, priority=65535,udp,in_port=1,vlan_tci=0x0000,dl_src=42:d5:a0:56:46:8a,dl_dst=b6:34:1d:af:1c:33,nw_src=23.250.249.250,nw_dst=10.0.0.20,nw_tos=0,tp_src=2,tp_dst=80 actions=output:3
 cookie=0x0, duration=1.182s, table=0, n_packets=1, n_bytes=42, idle_timeout=10, hard_timeout=30, idle_age=1, priority=65535,udp,in_port=1,vlan_tci=0x0000,dl_src=42:d5:a0:56:46:8a,dl_dst=aa:1e:ca:17:f4:73,nw_src=151.216.28.59,nw_dst=10.0.0.43,nw_tos=0,tp_src=2,tp_dst=80 actions=output:6
 cookie=0x0, duration=1.135s, table=0, n_packets=1, n_bytes=42, idle_timeout=10, hard_timeout=30, idle_age=1, priority=65535,udp,in_port=1,vlan_tci=0x0000,dl_src=42:d5:a0:56:46:8a,dl_dst=c6:1b:7b:68:8a:a4,nw_src=235.61.16.53,nw_dst=10.0.0.32,nw_tos=0,tp_src=2,tp_dst=80 actions=output:4
 cookie=0x0, duration=1.019s, table=0, n_packets=1, n_bytes=42, idle_timeout=10, hard_timeout=30, idle_age=1, priority=65535,udp,in_port=1,vlan_tci=0x0000,dl_src=42:d5:a0:56:46:8a,dl_dst=a2:4b:fd:7f:49:6d,nw_src=6.131.9.201,nw_dst=10.0.0.9,nw_tos=0,tp_src=2,tp_dst=80 actions=output:2
 cookie=0x0, duration=0.963s, table=0, n_packets=1, n_bytes=42, idle_timeout=10, hard_timeout=30, idle_age=0, priority=65535,udp,in_port=1,vlan_tci=0x0000,dl_src=42:d5:a0:56:46:8a,dl_dst=e2:7d:f2:33:b8:13,nw_src=207.19.63.9,nw_dst=10.0.0.62,nw_tos=0,tp_src=2,tp_dst=80 actions=output:8
 cookie=0x0, duration=0.914s, table=0, n_packets=1, n_bytes=42, idle_timeout=10, hard_timeout=30, idle_age=0, priority=65535,udp,in_port=1,vlan_tci=0x0000,dl_src=42:d5:a0:56:46:8a,dl_dst=e2:7d:f2:33:b8:13,nw_src=111.158.166.21,nw_dst=10.0.0.62,nw_tos=0,tp_src=2,tp_dst=80 actions=output:8
 cookie=0x0, duration=0.798s, table=0, n_packets=1, n_bytes=42, idle_timeout=10, hard_timeout=30, idle_age=0, priority=65535,udp,in_port=1,vlan_tci=0x0000,dl_src=42:d5:a0:56:46:8a,dl_dst=0e:91:14:4a:04:73,nw_src=247.24.82.200,nw_dst=10.0.0.48,nw_tos=0,tp_src=2,tp_dst=80 actions=output:6
 cookie=0x0, duration=0.767s, table=0, n_packets=1, n_bytes=42, idle_timeout=10, hard_timeout=30, idle_age=0, priority=65535,udp,in_port=1,vlan_tci=0x0000,dl_src=42:d5:a0:56:46:8a,dl_dst=5e:7b:1d:b3:e0:ac,nw_src=31.143.9.50,nw_dst=10.0.0.52,nw_tos=0,tp_src=2,tp_dst=80 actions=output:7
 cookie=0x0, duration=0.719s, table=0, n_packets=1, n_bytes=42, idle_timeout=10, hard_timeout=30, idle_age=0, priority=65535,udp,in_port=1,vlan_tci=0x0000,dl_src=42:d5:a0:56:46:8a,dl_dst=be:b6:bd:0d:d5:78,nw_src=130.13.241.246,nw_dst=10.0.0.27,nw_tos=0,tp_src=2,tp_dst=80 actions=output:4
 cookie=0x0, duration=0.674s, table=0, n_packets=1, n_bytes=42, idle_timeout=10, hard_timeout=30, idle_age=0, priority=65535,udp,in_port=1,vlan_tci=0x0000,dl_src=42:d5:a0:56:46:8a,dl_dst=96:03:61:79:50:6a,nw_src=154.173.185.190,nw_dst=10.0.0.29,nw_tos=0,tp_src=2,tp_dst=80 actions=output:4
 cookie=0x0, duration=0.578s, table=0, n_packets=1, n_bytes=42, idle_timeout=10, hard_timeout=30, idle_age=0, priority=65535,udp,in_port=1,vlan_tci=0x0000,dl_src=42:d5:a0:56:46:8a,dl_dst=aa:1e:ca:17:f4:73,nw_src=112.106.77.228,nw_dst=10.0.0.43,nw_tos=0,tp_src=2,tp_dst=80 actions=output:6
 cookie=0x0, duration=0.391s, table=0, n_packets=1, n_bytes=42, idle_timeout=10, hard_timeout=30, idle_age=0, priority=65535,udp,in_port=1,vlan_tci=0x0000,dl_src=42:d5:a0:56:46:8a,dl_dst=a6:47:cc:00:88:ef,nw_src=28.77.91.115,nw_dst=10.0.0.34,nw_tos=0,tp_src=2,tp_dst=80 actions=output:5
 cookie=0x0, duration=0.339s, table=0, n_packets=1, n_bytes=42, idle_timeout=10, hard_timeout=30, idle_age=0, priority=65535,udp,in_port=1,vlan_tci=0x0000,dl_src=42:d5:a0:56:46:8a,dl_dst=b6:34:1d:af:1c:33,nw_src=153.234.138.226,nw_dst=10.0.0.20,nw_tos=0,tp_src=2,tp_dst=80 actions=output:3
 cookie=0x0, duration=0.283s, table=0, n_packets=1, n_bytes=42, idle_timeout=10, hard_timeout=30, idle_age=0, priority=65535,udp,in_port=1,vlan_tci=0x0000,dl_src=42:d5:a0:56:46:8a,dl_dst=ee:ab:49:af:85:44,nw_src=207.218.226.216,nw_dst=10.0.0.13,nw_tos=0,tp_src=2,tp_dst=80 actions=output:2
 cookie=0x0, duration=0.226s, table=0, n_packets=1, n_bytes=42, idle_timeout=10, hard_timeout=30, idle_age=0, priority=65535,udp,in_port=1,vlan_tci=0x0000,dl_src=42:d5:a0:56:46:8a,dl_dst=86:0e:62:8b:8c:1f,nw_src=58.76.89.165,nw_dst=10.0.0.63,nw_tos=0,tp_src=2,tp_dst=80 actions=output:8
 cookie=0x0, duration=0.114s, table=0, n_packets=1, n_bytes=42, idle_timeout=10, hard_timeout=30, idle_age=0, priority=65535,udp,in_port=1,vlan_tci=0x0000,dl_src=42:d5:a0:56:46:8a,dl_dst=02:dc:67:00:bb:9a,nw_src=46.253.237.180,nw_dst=10.0.0.53,nw_tos=0,tp_src=2,tp_dst=80 actions=output:7
 cookie=0x0, duration=0.042s, table=0, n_packets=1, n_bytes=42, idle_timeout=10, hard_timeout=30, idle_age=0, priority=65535,udp,in_port=1,vlan_tci=0x0000,dl_src=42:d5:a0:56:46:8a,dl_dst=92:7e:51:ac:9a:12,nw_src=184.77.72.177,nw_dst=10.0.0.61,nw_tos=0,tp_src=2,tp_dst=80 actions=output:8
