 cookie=0x0, duration=10.011s, table=0, n_packets=1, n_bytes=42, idle_timeout=10, hard_timeout=30, idle_age=10, priority=65535,udp,in_port=1,vlan_tci=0x0000,dl_src=42:d5:a0:56:46:8a,dl_dst=32:d8:bf:5d:15:2f,nw_src=124.190.228.223,nw_dst=10.0.0.15,nw_tos=0,tp_src=2,tp_dst=80 actions=output:2
 cookie=0x0, duration=9.932s, table=0, n_packets=1, n_bytes=42, idle_timeout=10, hard_timeout=30, idle_age=9, priority=65535,udp,in_port=1,vlan_tci=0x0000,dl_src=42:d5:a0:56:46:8a,dl_dst=0a:e2:79:51:62:df,nw_src=187.5.86.21,nw_dst=10.0.0.21,nw_tos=0,tp_src=2,tp_dst=80 actions=output:3
 cookie=0x0, duration=9.892s, table=0, n_packets=1, n_bytes=42, idle_timeout=10, hard_timeout=30, idle_age=9, priority=65535,udp,in_port=1,vlan_tci=0x0000,dl_src=42:d5:a0:56:46:8a,dl_dst=66:b9:7a:57:5b:af,nw_src=182.186.224.243,nw_dst=10.0.0.22,nw_tos=0,tp_src=2,tp_dst=80 actions=output:3
 cookie=0x0, duration=9.855s, table=0, n_packets=1, n_bytes=42, idle_timeout=10, hard_timeout=30, idle_age=9, priority=65535,udp,in_port=1,vlan_tci=0x0000,dl_src=42:d5:a0:56:46:8a,dl_dst=a2:4b:fd:7f:49:6d,nw_src=170.236.104.73,nw_dst=10.0.0.9,nw_tos=0,tp_src=2,tp_dst=80 actions=output:2
 cookie=0x0, duration=9.811s, table=0, n_packets=1, n_bytes=42, idle_timeout=10, hard_timeout=30, idle_age=9, priority=65535,udp,in_port=1,vlan_tci=0x0000,dl_src=42:d5:a0:56:46:8a,dl_dst=e2:7d:f2:33:b8:13,nw_src=43.125.108.117,nw_dst=10.0.0.62,nw_tos=0,tp_src=2,tp_dst=80 actions=output:8
 cookie=0x0, duration=9.716s, table=0, n_packets=1, n_bytes=42, idle_timeout=10, hard_timeout=30, idle_age=9, priority=65535,udp,in_port=1,vlan_tci=0x0000,dl_src=42:d5:a0:56:46:8a,dl_dst=92:7e:51:ac:9a:12,nw_src=229.54.244.123,nw_dst=10.0.0.61,nw_tos=0,tp_src=2,tp_dst=80 actions=output:8
 cookie=0x0, duration=9.673s, table=0, n_packets=1, n_bytes=42, idle_timeout=10, hard_timeout=30, idle_age=9, priority=65535,udp,in_port=1,vlan_tci=0x0000,dl_src=42:d5:a0:56:46:8a,dl_dst=5e:7b:1d:b3:e0:ac,nw_src=238.179.149.157,nw_dst=10.0.0.52,nw_tos=0,tp_src=2,tp_dst=80 actions=output:7
 cookie=0x0, duration=9.624s, table=0, n_packets=1, n_bytes=42, idle_timeout=10, hard_timeout=30, idle_age=9, priority=65535,udp,in_port=1,vlan_tci=0x0000,dl_src=42:d5:a0:56:46:8a,dl_dst=9e:3c:87:e8:d5:7a,nw_src=231.251.221.52,nw_dst=10.0.0.59,nw_tos=0,tp_src=2,tp_dst=80 actions=output:8
 cookie=0x0, duration=9.588s, table=0, n_packets=1, n_bytes=42, idle_timeout=10, hard_timeout=30, idle_age=9, priority=65535,udp,in_port=1,vlan_tci=0x0000,dl_src=42:d5:a0:56:46:8a,dl_dst=32:d8:bf:5d:15:2f,nw_src=158.95.102.7,nw_dst=10.0.0.15,nw_tos=0,tp_src=2,tp_dst=80 actions=output:2
 cookie=0x0, duration=9.512s, table=0, n_packets=1, n_bytes=42, idle_timeout=10, hard_timeout=30, idle_age=9, priority=65535,udp,in_port=1,vlan_tci=0x0000,dl_src=42:d5:a0:56:46:8a,dl_dst=9e:3c:87:e8:d5:7a,nw_src=17.190.196.218,nw_dst=10.0.0.59,nw_tos=0,tp_src=2,tp_dst=80 actions=output:8
 cookie=0x0, duration=9.472s, table=0, n_packets=1, n_bytes=42, idle_timeout=10, hard_timeout=30, idle_age=9, priority=65535,udp,in_port=1,vlan_tci=0x0000,dl_src=42:d5:a0:56:46:8a,dl_dst=8e:01:44:78:4a:7b,nw_src=83.58.85.126,nw_dst=10.0.0.33,nw_tos=0,tp_src=2,tp_dst=80 actions=output:5
 cookie=0x0, duration=9.241s, table=0, n_packets=1, n_bytes=42, idle_timeout=10, hard_timeout=30, idle_age=9, priority=65535,udp,in_port=1,vlan_tci=0x0000,dl_src=42:d5:a0:56:46:8a,dl_dst=4e:a1:e6:a2:b7:05,nw_src=40.204.107.25,nw_dst=10.0.0.42,nw_tos=0,tp_src=2,tp_dst=80 actions=output:6
 cookie=0x0, duration=9.193s, table=0, n_packets=1, n_bytes=42, idle_timeout=10, hard_timeout=30, idle_age=9, priority=65535,udp,in_port=1,vlan_tci=0x0000,dl_src=42:d5:a0:56:46:8a,dl_dst=a6:47:cc:00:88:ef,nw_src=248.208.27.249,nw_dst=10.0.0.34,nw_tos=0,tp_src=2,tp_dst=80 actions=output:5
 cookie=0x0, duration=9.148s, table=0, n_packets=1, n_bytes=42, idle_timeout=10, hard_timeout=30, idle_age=9, priority=65535,udp,in_port=1,vlan_tci=0x0000,dl_src=42:d5:a0:56:46:8a,dl_dst=9e:29:48:70:2b:de,nw_src=70.218.14.202,nw_dst=10.0.0.28,nw_tos=0,tp_src=2,tp_dst=80 actions=output:4
 cookie=0x0, duration=9.112s, table=0, n_packets=1, n_bytes=42, idle_timeout=10, hard_timeout=30, idle_age=9, priority=65535,udp,in_port=1,vlan_tci=0x0000,dl_src=42:d5:a0:56:46:8a,dl_dst=5e:4e:40:54:96:6f,nw_src=198.32.207.84,nw_dst=10.0.0.36,nw_tos=0,tp_src=2,tp_dst=80 actions=output:5
 cookie=0x0, duration=9s, table=0, n_packets=1, n_bytes=42, idle_timeout=10, hard_timeout=30, idle_age=9, priority=65535,udp,in_port=1,vlan_tci=0x0000,dl_src=42:d5:a0:56:46:8a,dl_dst=76:2d:87:43:49:ba,nw_src=77.12.36.120,nw_dst=10.0.0.39,nw_tos=0,tp_src=2,tp_dst=80 actions=output:5
 cookie=0x0, duration=8.961s, table=0, n_packets=1, n_bytes=42, idle_timeout=10, hard_timeout=30, idle_age=8, priority=65535,udp,in_port=1,vlan_tci=0x0000,dl_src=42:d5:a0:56:46:8a,dl_dst=0a:e2:79:51:62:df,nw_src=99.133.216.131,nw_dst=10.0.0.21,nw_tos=0,tp_src=2,tp_dst=80 actions=output:3
 cookie=0x0, duration=8.919s, table=0, n_packets=1, n_bytes=42, idle_timeout=10, hard_timeout=30, idle_age=8, priority=65535,udp,in_port=1,vlan_tci=0x0000,dl_src=42:d5:a0:56:46:8a,dl_dst=0e:91:14:4a:04:73,nw_src=7.112.220.28,nw_dst=10.0.0.48,nw_tos=0,tp_src=2,tp_dst=80 actions=output:6
 cookie=0x0, duration=8.872s, table=0, n_packets=1, n_bytes=42, idle_timeout=10, hard_timeout=30, idle_age=8, priority=65535,udp,in_port=1,vlan_tci=0x0000,dl_src=42:d5:a0:56:46:8a,dl_dst=8e:85:c4:a1:a4:08,nw_src=242.148.183.97,nw_dst=10.0.0.40,nw_tos=0,tp_src=2,tp_dst=80 actions=output:5
 cookie=0x0, duration=8.816s, table=0, n_packets=1, n_bytes=42, idle_timeout=10, hard_timeout=30, idle_age=8, priority=65535,udp,in_port=1,vlan_tci=0x0000,dl_src=42:d5:a0:56:46:8a,dl_dst=36:fb:f0:17:f9:c9,nw_src=69.119.159.21,nw_dst=10.0.0.16,nw_tos=0,tp_src=2,tp_dst=80 actions=output:2
 cookie=0x0, duration=8.775s, table=0, n_packets=1, n_bytes=42, idle_timeout=10, hard_timeout=30, idle_age=8, priority=65535,udp,in_port=1,vlan_tci=0x0000,dl_src=42:d5:a0:56:46:8a,dl_dst=a2:4b:fd:7f:49:6d,nw_src=249.66.205.207,nw_dst=10.0.0.9,nw_tos=0,tp_src=2,tp_dst=80 actions=output:2
 cookie=0x0, duration=8.715s, table=0, n_packets=1, n_bytes=42, idle_timeout=10, hard_timeout=30, idle_age=8, priority=65535,udp,in_port=1,vlan_tci=0x0000,dl_src=42:d5:a0:56:46:8a,dl_dst=c6:1b:7b:68:8a:a4,nw_src=165.48.99.248,nw_dst=10.0.0.32,nw_tos=0,tp_src=2,tp_dst=80 actions=output:4
 cookie=0x0, duration=8.672s, table=0, n_packets=1, n_bytes=42, idle_timeout=10, hard_timeout=30, idle_age=8, priority=65535,udp,in_port=1,vlan_tci=0x0000,dl_src=42:d5:a0:56:46:8a,dl_dst=c6:1b:7b:68:8a:a4,nw_src=104.226.175.16,nw_dst=10.0.0.32,nw_tos=0,tp_src=2,tp_dst=80 actions=output:4
 cookie=0x0, duration=8.616s, table=0, n_packets=1, n_bytes=42, idle_timeout=10, hard_timeout=30, idle_age=8, priority=65535,udp,in_port=1,vlan_tci=0x0000,dl_src=42:d5:a0:56:46:8a,dl_dst=32:d8:bf:5d:15:2f,nw_src=147.204.85.119,nw_dst=10.0.0.15,nw_tos=0,tp_src=2,tp_dst=80 actions=output:2
 cookie=0x0, duration=8.532s, table=0, n_packets=1, n_bytes=42, idle_timeout=10, hard_timeout=30, idle_age=8, priority=65535,udp,in_port=1,vlan_tci=0x0000,dl_src=42:d5:a0:56:46:8a,dl_dst=ea:5e:5c:f4:8f:cf,nw_src=83.252.252.45,nw_dst=10.0.0.10,nw_tos=0,tp_src=2,tp_dst=80 actions=output:2
 cookie=0x0, duration=8.493s, table=0, n_packets=1, n_bytes=42, idle_timeout=10, hard_timeout=30, idle_age=8, priority=65535,udp,in_port=1,vlan_tci=0x0000,dl_src=42:d5:a0:56:46:8a,dl_dst=8e:01:44:78:4a:7b,nw_src=188.19.162.9,nw_dst=10.0.0.33,nw_tos=0,tp_src=2,tp_dst=80 actions=output:5
 cookie=0x0, duration=8.452s, table=0, n_packets=1, n_bytes=42, idle_timeout=10, hard_timeout=30, idle_age=8, priority=65535,udp,in_port=1,vlan_tci=0x0000,dl_src=42:d5:a0:56:46:8a,dl_dst=ea:d4:c1:67:06:c1,nw_src=225.140.125.204,nw_dst=10.0.0.51,nw_tos=0,tp_src=2,tp_dst=80 actions=output:7
 cookie=0x0, duration=8.412s, table=0, n_packets=1, n_bytes=42, idle_timeout=10, hard_timeout=30, idle_age=8, priority=65535,udp,in_port=1,vlan_tci=0x0000,dl_src=42:d5:a0:56:46:8a,dl_dst=ee:ab:49:af:85:44,nw_src=119.145.47.9,nw_dst=10.0.0.13,nw_tos=0,tp_src=2,tp_dst=80 actions=output:2
 cookie=0x0, duration=8.368s, table=0, n_packets=1, n_bytes=42, idle_timeout=10, hard_timeout=30, idle_age=8, priority=65535,udp,in_port=1,vlan_tci=0x0000,dl_src=42:d5:a0:56:46:8a,dl_dst=32:c7:f2:11:42:6e,nw_src=193.4.222.166,nw_dst=10.0.0.12,nw_tos=0,tp_src=2,tp_dst=80 actions=output:2
 cookie=0x0, duration=8.332s, table=0, n_packets=1, n_bytes=42, idle_timeout=10, hard_timeout=30, idle_age=8, priority=65535,udp,in_port=1,vlan_tci=0x0000,dl_src=42:d5:a0:56:46:8a,dl_dst=2e:a0:dd:24:86:6e,nw_src=48.31.189.255,nw_dst=10.0.0.58,nw_tos=0,tp_src=2,tp_dst=80 actions=output:8
 cookie=0x0, duration=8.280s, table=0, n_packets=1, n_bytes=42, idle_timeout=10, hard_timeout=30, idle_age=8, priority=65535,udp,in_port=1,vlan_tci=0x0000,dl_src=42:d5:a0:56:46:8a,dl_dst=5e:4e:40:54:96:6f,nw_src=66.26.63.114,nw_dst=10.0.0.36,nw_tos=0,tp_src=2,tp_dst=80 actions=output:5
 cookie=0x0, duration=8.240s, table=0, n_packets=1, n_bytes=42, idle_timeout=10, hard_timeout=30, idle_age=8, priority=65535,udp,in_port=1,vlan_tci=0x0000,dl_src=42:d5:a0:56:46:8a,dl_dst=9a:bd:ee:fd:be:14,nw_src=238.64.199.162,nw_dst=10.0.0.17,nw_tos=0,tp_src=2,tp_dst=80 actions=output:3
 cookie=0x0, duration=8.192s, table=0, n_packets=1, n_bytes=42, idle_timeout=10, hard_timeout=30, idle_age=8, priority=65535,udp,in_port=1,vlan_tci=0x0000,dl_src=42:d5:a0:56:46:8a,dl_dst=06:aa:c0:9d:bf:a1,nw_src=102.165.77.148,nw_dst=10.0.0.19,nw_tos=0,tp_src=2,tp_dst=80 actions=output:3
 cookie=0x0, duration=8.148s, table=0, n_packets=1, n_bytes=42, idle_timeout=10, hard_timeout=30, idle_age=8, priority=65535,udp,in_port=1,vlan_tci=0x0000,dl_src=42:d5:a0:56:46:8a,dl_dst=5e:7b:1d:b3:e0:ac,nw_src=86.245.106.64,nw_dst=10.0.0.52,nw_tos=0,tp_src=2,tp_dst=80 actions=output:7
 cookie=0x0, duration=8.104s, table=0, n_packets=1, n_bytes=42, idle_timeout=10, hard_timeout=30, idle_age=8, priority=65535,udp,in_port=1,vlan_tci=0x0000,dl_src=42:d5:a0:56:46:8a,dl_dst=4e:41:d9:3a:95:c2,nw_src=83.142.127.28,nw_dst=10.0.0.23,nw_tos=0,tp_src=2,tp_dst=80 actions=output:3
 cookie=0x0, duration=8.061s, table=0, n_packets=1, n_bytes=42, idle_timeout=10, hard_timeout=30, idle_age=8, priority=65535,udp,in_port=1,vlan_tci=0x0000,dl_src=42:d5:a0:56:46:8a,dl_dst=26:cd:79:53:21:c6,nw_src=162.229.33.115,nw_dst=10.0.0.50,nw_tos=0,tp_src=2,tp_dst=80 actions=output:7
 cookie=0x0, duration=8.025s, table=0, n_packets=1, n_bytes=42, idle_timeout=10, hard_timeout=30, idle_age=8, priority=65535,udp,in_port=1,vlan_tci=0x0000,dl_src=42:d5:a0:56:46:8a,dl_dst=f2:9f:5e:8d:22:af,nw_src=71.50.47.192,nw_dst=10.0.0.26,nw_tos=0,tp_src=2,tp_dst=80 actions=output:4
 cookie=0x0, duration=7.980s, table=0, n_packets=1, n_bytes=42, idle_timeout=10, hard_timeout=30, idle_age=7, priority=65535,udp,in_port=1,vlan_tci=0x0000,dl_src=42:d5:a0:56:46:8a,dl_dst=66:b9:7a:57:5b:af,nw_src=7.54.68.77,nw_dst=10.0.0.22,nw_tos=0,tp_src=2,tp_dst=80 actions=output:3
 cookie=0x0, duration=7.944s, table=0, n_packets=1, n_bytes=42, idle_timeout=10, hard_timeout=30, idle_age=7, priority=65535,udp,in_port=1,vlan_tci=0x0000,dl_src=42:d5:a0:56:46:8a,dl_dst=16:46:e9:50:78:a5,nw_src=142.228.196.253,nw_dst=10.0.0.56,nw_tos=0,tp_src=2,tp_dst=80 actions=output:7
 cookie=0x0, duration=7.884s, table=0, n_packets=1, n_bytes=42, idle_timeout=10, hard_timeout=30, idle_age=7, priority=65535,udp,in_port=1,vlan_tci=0x0000,dl_src=42:d5:a0:56:46:8a,dl_dst=aa:1e:ca:17:f4:73,nw_src=171.142.108.59,nw_dst=10.0.0.43,nw_tos=0,tp_src=2,tp_dst=80 actions=output:6
 cookie=0x0, duration=7.792s, table=0, n_packets=1, n_bytes=42, idle_timeout=10, hard_timeout=30, idle_age=7, priority=65535,udp,in_port=1,vlan_tci=0x0000,dl_src=42:d5:a0:56:46:8a,dl_dst=4e:a1:e6:a2:b7:05,nw_src=215.132.250.42,nw_dst=10.0.0.42,nw_tos=0,tp_src=2,tp_dst=80 actions=output:6
 cookie=0x0, duration=7.704s, table=0, n_packets=1, n_bytes=42, idle_timeout=10, hard_timeout=30, idle_age=7, priority=65535,udp,in_port=1,vlan_tci=0x0000,dl_src=42:d5:a0:56:46:8a,dl_dst=7a:4b:c5:e6:b2:f2,nw_src=144.230.227.100,nw_dst=10.0.0.31,nw_tos=0,tp_src=2,tp_dst=80 actions=output:4
 cookie=0x0, duration=7.668s, table=0, n_packets=1, n_bytes=42, idle_timeout=10, hard_timeout=30, idle_age=7, priority=65535,udp,in_port=1,vlan_tci=0x0000,dl_src=42:d5:a0:56:46:8a,dl_dst=b6:34:1d:af:1c:33,nw_src=46.42.239.140,nw_dst=10.0.0.20,nw_tos=0,tp_src=2,tp_dst=80 actions=output:3
 cookie=0x0, duration=7.619s, table=0, n_packets=1, n_bytes=42, idle_timeout=10, hard_timeout=30, idle_age=7, priority=65535,udp,in_port=1,vlan_tci=0x0000,dl_src=42:d5:a0:56:46:8a,dl_dst=e2:7d:f2:33:b8:13,nw_src=99.249.252.20,nw_dst=10.0.0.62,nw_tos=0,tp_src=2,tp_dst=80 actions=output:8
 cookie=0x0, duration=7.576s, table=0, n_packets=1, n_bytes=42, idle_timeout=10, hard_timeout=30, idle_age=7, priority=65535,udp,in_port=1,vlan_tci=0x0000,dl_src=42:d5:a0:56:46:8a,dl_dst=66:b9:7a:57:5b:af,nw_src=182.248.47.15,nw_dst=10.0.0.22,nw_tos=0,tp_src=2,tp_dst=80 actions=output:3
 cookie=0x0, duration=7.456s, table=0, n_packets=1, n_bytes=42, idle_timeout=10, hard_timeout=30, idle_age=7, priority=65535,udp,in_port=1,vlan_tci=0x0000,dl_src=42:d5:a0:56:46:8a,dl_dst=06:aa:c0:9d:bf:a1,nw_src=53.95.175.4,nw_dst=10.0.0.19,nw_tos=0,tp_src=2,tp_dst=80 actions=output:3
 cookie=0x0, duration=7.399s, table=0, n_packets=1, n_bytes=42, idle_timeout=10, hard_timeout=30, idle_age=7, priority=65535,udp,in_port=1,vlan_tci=0x0000,dl_src=42:d5:a0:56:46:8a,dl_dst=e2:7d:f2:33:b8:13,nw_src=64.88.65.82,nw_dst=10.0.0.62,nw_tos=0,tp_src=2,tp_dst=80 actions=output:8
 cookie=0x0, duration=7.317s, table=0, n_packets=1, n_bytes=42, idle_timeout=10, hard_timeout=30, idle_age=7, priority=65535,udp,in_port=1,vlan_tci=0x0000,dl_src=42:d5:a0:56:46:8a,dl_dst=be:b6:bd:0d:d5:78,nw_src=142.8.232.142,nw_dst=10.0.0.27,nw_tos=0,tp_src=2,tp_dst=80 actions=output:4
 cookie=0x0, duration=7.260s, table=0, n_packets=1, n_bytes=42, idle_timeout=10, hard_timeout=30, idle_age=7, priority=65535,udp,in_port=1,vlan_tci=0x0000,dl_src=42:d5:a0:56:46:8a,dl_dst=76:2d:87:43:49:ba,nw_src=237.16.232.73,nw_dst=10.0.0.39,nw_tos=0,tp_src=2,tp_dst=80 actions=output:5
 cookie=0x0, duration=7.122s, table=0, n_packets=1, n_bytes=42, idle_timeout=10, hard_timeout=30, idle_age=7, priority=65535,udp,in_port=1,vlan_tci=0x0000,dl_src=42:d5:a0:56:46:8a,dl_dst=be:b6:bd:0d:d5:78,nw_src=111.195.184.178,nw_dst=10.0.0.27,nw_tos=0,tp_src=2,tp_dst=80 actions=output:4
 cookie=0x0, duration=7.072s, table=0, n_packets=1, n_bytes=42, idle_timeout=10, hard_timeout=30, idle_age=7, priority=65535,udp,in_port=1,vlan_tci=0x0000,dl_src=42:d5:a0:56:46:8a,dl_dst=92:7e:51:ac:9a:12,nw_src=180.198.86.137,nw_dst=10.0.0.61,nw_tos=0,tp_src=2,tp_dst=80 actions=output:8
 cookie=0x0, duration=7.036s, table=0, n_packets=1, n_bytes=42, idle_timeout=10, hard_timeout=30, idle_age=7, priority=65535,udp,in_port=1,vlan_tci=0x0000,dl_src=42:d5:a0:56:46:8a,dl_dst=f2:9f:5e:8d:22:af,nw_src=114.87.241.231,nw_dst=10.0.0.26,nw_tos=0,tp_src=2,tp_dst=80 actions=output:4
 cookie=0x0, duration=6.988s, table=0, n_packets=1, n_bytes=42, idle_timeout=10, hard_timeout=30, idle_age=6, priority=65535,udp,in_port=1,vlan_tci=0x0000,dl_src=42:d5:a0:56:46:8a,dl_dst=b6:34:1d:af:1c:33,nw_src=214.160.11.188,nw_dst=10.0.0.20,nw_tos=0,tp_src=2,tp_dst=80 actions=output:3
 cookie=0x0, duration=6.828s, table=0, n_packets=1, n_bytes=42, idle_timeout=10, hard_timeout=30, idle_age=6, priority=65535,udp,in_port=1,vlan_tci=0x0000,dl_src=42:d5:a0:56:46:8a,dl_dst=02:dc:67:00:bb:9a,nw_src=164.96.46.229,nw_dst=10.0.0.53,nw_tos=0,tp_src=2,tp_dst=80 actions=output:7
 cookie=0x0, duration=6.772s, table=0, n_packets=1, n_bytes=42, idle_timeout=10, hard_timeout=30, idle_age=6, priority=65535,udp,in_port=1,vlan_tci=0x0000,dl_src=42:d5:a0:56:46:8a,dl_dst=02:dc:67:00:bb:9a,nw_src=238.45.194.73,nw_dst=10.0.0.53,nw_tos=0,tp_src=2,tp_dst=80 actions=output:7
 cookie=0x0, duration=6.728s, table=0, n_packets=1, n_bytes=42, idle_timeout=10, hard_timeout=30, idle_age=6, priority=65535,udp,in_port=1,vlan_tci=0x0000,dl_src=42:d5:a0:56:46:8a,dl_dst=b6:34:1d:af:1c:33,nw_src=129.15.193.8,nw_dst=10.0.0.20,nw_tos=0,tp_src=2,tp_dst=80 actions=output:3
 cookie=0x0, duration=6.668s, table=0, n_packets=1, n_bytes=42, idle_timeout=10, hard_timeout=30, idle_age=6, priority=65535,udp,in_port=1,vlan_tci=0x0000,dl_src=42:d5:a0:56:46:8a,dl_dst=22:fb:e7:8c:3d:cb,nw_src=188.105.92.138,nw_dst=10.0.0.54,nw_tos=0,tp_src=2,tp_dst=80 actions=output:7
 cookie=0x0, duration=6.636s, table=0, n_packets=1, n_bytes=42, idle_timeout=10, hard_timeout=30, idle_age=6, priority=65535,udp,in_port=1,vlan_tci=0x0000,dl_src=42:d5:a0:56:46:8a,dl_dst=32:c7:f2:11:42:6e,nw_src=46.204.65.157,nw_dst=10.0.0.12,nw_tos=0,tp_src=2,tp_dst=80 actions=output:2
 cookie=0x0, duration=6.600s, table=0, n_packets=1, n_bytes=42, idle_timeout=10, hard_timeout=30, idle_age=6, priority=65535,udp,in_port=1,vlan_tci=0x0000,dl_src=42:d5:a0:56:46:8a,dl_dst=b2:98:08:6a:cb:b7,nw_src=49.220.187.189,nw_dst=10.0.0.55,nw_tos=0,tp_src=2,tp_dst=80 actions=output:7
 cookie=0x0, duration=6.553s, table=0, n_packets=1, n_bytes=42, idle_timeout=10, hard_timeout=30, idle_age=6, priority=65535,udp,in_port=1,vlan_tci=0x0000,dl_src=42:d5:a0:56:46:8a,dl_dst=ea:d4:c1:67:06:c1,nw_src=181.2.88.192,nw_dst=10.0.0.51,nw_tos=0,tp_src=2,tp_dst=80 actions=output:7
 cookie=0x0, duration=6.512s, table=0, n_packets=1, n_bytes=42, idle_timeout=10, hard_timeout=30, idle_age=6, priority=65535,udp,in_port=1,vlan_tci=0x0000,dl_src=42:d5:a0:56:46:8a,dl_dst=d6:4f:3f:ad:0e:73,nw_src=62.52.2.101,nw_dst=10.0.0.49,nw_tos=0,tp_src=2,tp_dst=80 actions=output:7
 cookie=0x0, duration=6.428s, table=0, n_packets=1, n_bytes=42, idle_timeout=10, hard_timeout=30, idle_age=6, priority=65535,udp,in_port=1,vlan_tci=0x0000,dl_src=42:d5:a0:56:46:8a,dl_dst=2a:c1:f7:12:8f:4d,nw_src=31.5.254.155,nw_dst=10.0.0.30,nw_tos=0,tp_src=2,tp_dst=80 actions=output:4
 cookie=0x0, duration=6.228s, table=0, n_packets=1, n_bytes=42, idle_timeout=10, hard_timeout=30, idle_age=6, priority=65535,udp,in_port=1,vlan_tci=0x0000,dl_src=42:d5:a0:56:46:8a,dl_dst=ee:a1:b8:c4:55:bb,nw_src=155.39.108.249,nw_dst=10.0.0.14,nw_tos=0,tp_src=2,tp_dst=80 actions=output:2
 cookie=0x0, duration=6.192s, table=0, n_packets=1, n_bytes=42, idle_timeout=10, hard_timeout=30, idle_age=6, priority=65535,udp,in_port=1,vlan_tci=0x0000,dl_src=42:d5:a0:56:46:8a,dl_dst=2a:c1:f7:12:8f:4d,nw_src=119.44.123.58,nw_dst=10.0.0.30,nw_tos=0,tp_src=2,tp_dst=80 actions=output:4
 cookie=0x0, duration=6.152s, table=0, n_packets=1, n_bytes=42, idle_timeout=10, hard_timeout=30, idle_age=6, priority=65535,udp,in_port=1,vlan_tci=0x0000,dl_src=42:d5:a0:56:46:8a,dl_dst=02:dc:67:00:bb:9a,nw_src=151.201.213.220,nw_dst=10.0.0.53,nw_tos=0,tp_src=2,tp_dst=80 actions=output:7
 cookie=0x0, duration=6.100s, table=0, n_packets=1, n_bytes=42, idle_timeout=10, hard_timeout=30, idle_age=6, priority=65535,udp,in_port=1,vlan_tci=0x0000,dl_src=42:d5:a0:56:46:8a,dl_dst=56:31:b2:7f:ae:f0,nw_src=252.91.119.211,nw_dst=10.0.0.37,nw_tos=0,tp_src=2,tp_dst=80 actions=output:5
 cookie=0x0, duration=6.056s, table=0, n_packets=1, n_bytes=42, idle_timeout=10, hard_timeout=30, idle_age=6, priority=65535,udp,in_port=1,vlan_tci=0x0000,dl_src=42:d5:a0:56:46:8a,dl_dst=ee:ab:49:af:85:44,nw_src=115.165.203.11,nw_dst=10.0.0.13,nw_tos=0,tp_src=2,tp_dst=80 actions=output:2
 cookie=0x0, duration=6.012s, table=0, n_packets=1, n_bytes=42, idle_timeout=10, hard_timeout=30, idle_age=6, priority=65535,udp,in_port=1,vlan_tci=0x0000,dl_src=42:d5:a0:56:46:8a,dl_dst=92:7e:51:ac:9a:12,nw_src=183.65.46.8,nw_dst=10.0.0.61,nw_tos=0,tp_src=2,tp_dst=80 actions=output:8
 cookie=0x0, duration=5.960s, table=0, n_packets=1, n_bytes=42, idle_timeout=10, hard_timeout=30, idle_age=5, priority=65535,udp,in_port=1,vlan_tci=0x0000,dl_src=42:d5:a0:56:46:8a,dl_dst=ea:5e:5c:f4:8f:cf,nw_src=198.170.19.195,nw_dst=10.0.0.10,nw_tos=0,tp_src=2,tp_dst=80 actions=output:2
 cookie=0x0, duration=5.896s, table=0, n_packets=1, n_bytes=42, idle_timeout=10, hard_timeout=30, idle_age=5, priority=65535,udp,in_port=1,vlan_tci=0x0000,dl_src=42:d5:a0:56:46:8a,dl_dst=36:fb:f0:17:f9:c9,nw_src=242.74.186.37,nw_dst=10.0.0.16,nw_tos=0,tp_src=2,tp_dst=80 actions=output:2
 cookie=0x0, duration=5.843s, table=0, n_packets=1, n_bytes=42, idle_timeout=10, hard_timeout=30, idle_age=5, priority=65535,udp,in_port=1,vlan_tci=0x0000,dl_src=42:d5:a0:56:46:8a,dl_dst=66:b9:7a:57:5b:af,nw_src=136.97.237.254,nw_dst=10.0.0.22,nw_tos=0,tp_src=2,tp_dst=80 actions=output:3
 cookie=0x0, duration=5.784s, table=0, n_packets=1, n_bytes=42, idle_timeout=10, hard_timeout=30, idle_age=5, priority=65535,udp,in_port=1,vlan_tci=0x0000,dl_src=42:d5:a0:56:46:8a,dl_dst=b2:98:08:6a:cb:b7,nw_src=175.175.234.10,nw_dst=10.0.0.55,nw_tos=0,tp_src=2,tp_dst=80 actions=output:7
 cookie=0x0, duration=5.704s, table=0, n_packets=1, n_bytes=42, idle_timeout=10, hard_timeout=30, idle_age=5, priority=65535,udp,in_port=1,vlan_tci=0x0000,dl_src=42:d5:a0:56:46:8a,dl_dst=26:cd:79:53:21:c6,nw_src=236.200.172.6,nw_dst=10.0.0.50,nw_tos=0,tp_src=2,tp_dst=80 actions=output:7
 cookie=0x0, duration=5.644s, table=0, n_packets=1, n_bytes=42, idle_timeout=10, hard_timeout=30, idle_age=5, priority=65535,udp,in_port=1,vlan_tci=0x0000,dl_src=42:d5:a0:56:46:8a,dl_dst=32:06:b7:cf:da:fb,nw_src=175.213.182.187,nw_dst=10.0.0.47,nw_tos=0,tp_src=2,tp_dst=80 actions=output:6
 cookie=0x0, duration=5.473s, table=0, n_packets=1, n_bytes=42, idle_timeout=10, hard_timeout=30, idle_age=5, priority=65535,udp,in_port=1,vlan_tci=0x0000,dl_src=42:d5:a0:56:46:8a,dl_dst=76:b5:0e:37:58:08,nw_src=88.126.40.156,nw_dst=10.0.0.60,nw_tos=0,tp_src=2,tp_dst=80 actions=output:8
 cookie=0x0, duration=5.428s, table=0, n_packets=1, n_bytes=42, idle_timeout=10, hard_timeout=30, idle_age=5, priority=65535,udp,in_port=1,vlan_tci=0x0000,dl_src=42:d5:a0:56:46:8a,dl_dst=92:7e:51:ac:9a:12,nw_src=244.187.149.117,nw_dst=10.0.0.61,nw_tos=0,tp_src=2,tp_dst=80 actions=output:8
 cookie=0x0, duration=5.331s, table=0, n_packets=1, n_bytes=42, idle_timeout=10, hard_timeout=30, idle_age=5, priority=65535,udp,in_port=1,vlan_tci=0x0000,dl_src=42:d5:a0:56:46:8a,dl_dst=5e:4e:40:54:96:6f,nw_src=69.36.159.104,nw_dst=10.0.0.36,nw_tos=0,tp_src=2,tp_dst=80 actions=output:5
 cookie=0x0, duration=5.292s, table=0, n_packets=1, n_bytes=42, idle_timeout=10, hard_timeout=30, idle_age=5, priority=65535,udp,in_port=1,vlan_tci=0x0000,dl_src=42:d5:a0:56:46:8a,dl_dst=d6:4f:3f:ad:0e:73,nw_src=180.16.171.45,nw_dst=10.0.0.49,nw_tos=0,tp_src=2,tp_dst=80 actions=output:7
 cookie=0x0, duration=5.252s, table=0, n_packets=1, n_bytes=42, idle_timeout=10, hard_timeout=30, idle_age=5, priority=65535,udp,in_port=1,vlan_tci=0x0000,dl_src=42:d5:a0:56:46:8a,dl_dst=9a:e3:d4:8f:30:9f,nw_src=141.18.146.127,nw_dst=10.0.0.11,nw_tos=0,tp_src=2,tp_dst=80 actions=output:2
 cookie=0x0, duration=5.208s, table=0, n_packets=1, n_bytes=42, idle_timeout=10, hard_timeout=30, idle_age=5, priority=65535,udp,in_port=1,vlan_tci=0x0000,dl_src=42:d5:a0:56:46:8a,dl_dst=4e:a1:e6:a2:b7:05,nw_src=255.117.10.246,nw_dst=10.0.0.42,nw_tos=0,tp_src=2,tp_dst=80 actions=output:6
 cookie=0x0, duration=5.169s, table=0, n_packets=1, n_bytes=42, idle_timeout=10, hard_timeout=30, idle_age=5, priority=65535,udp,in_port=1,vlan_tci=0x0000,dl_src=42:d5:a0:56:46:8a,dl_dst=32:c7:f2:11:42:6e,nw_src=89.187.11.142,nw_dst=10.0.0.12,nw_tos=0,tp_src=2,tp_dst=80 actions=output:2
 cookie=0x0, duration=5.124s, table=0, n_packets=1, n_bytes=42, idle_timeout=10, hard_timeout=30, idle_age=5, priority=65535,udp,in_port=1,vlan_tci=0x0000,dl_src=42:d5:a0:56:46:8a,dl_dst=96:03:61:79:50:6a,nw_src=137.181.9.76,nw_dst=10.0.0.29,nw_tos=0,tp_src=2,tp_dst=80 actions=output:4
 cookie=0x0, duration=5.081s, table=0, n_packets=1, n_bytes=42, idle_timeout=10, hard_timeout=30, idle_age=5, priority=65535,udp,in_port=1,vlan_tci=0x0000,dl_src=42:d5:a0:56:46:8a,dl_dst=76:2d:87:43:49:ba,nw_src=171.35.205.2,nw_dst=10.0.0.39,nw_tos=0,tp_src=2,tp_dst=80 actions=output:5
 cookie=0x0, duration=5.036s, table=0, n_packets=1, n_bytes=42, idle_timeout=10, hard_timeout=30, idle_age=5, priority=65535,udp,in_port=1,vlan_tci=0x0000,dl_src=42:d5:a0:56:46:8a,dl_dst=0e:b3:e5:19:28:4c,nw_src=178.180.146.19,nw_dst=10.0.0.57,nw_tos=0,tp_src=2,tp_dst=80 actions=output:8
 cookie=0x0, duration=4.996s, table=0, n_packets=1, n_bytes=42, idle_timeout=10, hard_timeout=30, idle_age=4, priority=65535,udp,in_port=1,vlan_tci=0x0000,dl_src=42:d5:a0:56:46:8a,dl_dst=d6:4f:3f:ad:0e:73,nw_src=90.126.176.36,nw_dst=10.0.0.49,nw_tos=0,tp_src=2,tp_dst=80 actions=output:7
 cookie=0x0, duration=4.960s, table=0, n_packets=1, n_bytes=42, idle_timeout=10, hard_timeout=30, idle_age=4, priority=65535,udp,in_port=1,vlan_tci=0x0000,dl_src=42:d5:a0:56:46:8a,dl_dst=92:7e:51:ac:9a:12,nw_src=166.62.167.196,nw_dst=10.0.0.61,nw_tos=0,tp_src=2,tp_dst=80 actions=output:8
 cookie=0x0, duration=4.893s, table=0, n_packets=1, n_bytes=42, idle_timeout=10, hard_timeout=30, idle_age=4, priority=65535,udp,in_port=1,vlan_tci=0x0000,dl_src=42:d5:a0:56:46:8a,dl_dst=5e:7b:1d:b3:e0:ac,nw_src=188.104.115.251,nw_dst=10.0.0.52,nw_tos=0,tp_src=2,tp_dst=80 actions=output:7
 cookie=0x0, duration=4.852s, table=0, n_packets=1, n_bytes=42, idle_timeout=10, hard_timeout=30, idle_age=4, priority=65535,udp,in_port=1,vlan_tci=0x0000,dl_src=42:d5:a0:56:46:8a,dl_dst=ee:ab:49:af:85:44,nw_src=204.89.87.45,nw_dst=10.0.0.13,nw_tos=0,tp_src=2,tp_dst=80 actions=output:2
 cookie=0x0, duration=4.820s, table=0, n_packets=1, n_bytes=42, idle_timeout=10, hard_timeout=30, idle_age=4, priority=65535,udp,in_port=1,vlan_tci=0x0000,dl_src=42:d5:a0:56:46:8a,dl_dst=9a:bd:ee:fd:be:14,nw_src=39.148.27.84,nw_dst=10.0.0.17,nw_tos=0,tp_src=2,tp_dst=80 actions=output:3
 cookie=0x0, duration=4.776s, table=0, n_packets=1, n_bytes=42, idle_timeout=10, hard_timeout=30, idle_age=4, priority=65535,udp,in_port=1,vlan_tci=0x0000,dl_src=42:d5:a0:56:46:8a,dl_dst=b2:98:08:6a:cb:b7,nw_src=253.83.159.27,nw_dst=10.0.0.55,nw_tos=0,tp_src=2,tp_dst=80 actions=output:7
 cookie=0x0, duration=4.720s, table=0, n_packets=1, n_bytes=42, idle_timeout=10, hard_timeout=30, idle_age=4, priority=65535,udp,in_port=1,vlan_tci=0x0000,dl_src=42:d5:a0:56:46:8a,dl_dst=62:d5:82:e8:5f:d0,nw_src=209.96.74.82,nw_dst=10.0.0.25,nw_tos=0,tp_src=2,tp_dst=80 actions=output:4
 cookie=0x0, duration=4.680s, table=0, n_packets=1, n_bytes=42, idle_timeout=10, hard_timeout=30, idle_age=4, priority=65535,udp,in_port=1,vlan_tci=0x0000,dl_src=42:d5:a0:56:46:8a,dl_dst=e2:7d:f2:33:b8:13,nw_src=7.174.98.130,nw_dst=10.0.0.62,nw_tos=0,tp_src=2,tp_dst=80 actions=output:8
 cookie=0x0, duration=4.604s, table=0, n_packets=1, n_bytes=42, idle_timeout=10, hard_timeout=30, idle_age=4, priority=65535,udp,in_port=1,vlan_tci=0x0000,dl_src=42:d5:a0:56:46:8a,dl_dst=36:fb:f0:17:f9:c9,nw_src=255.152.225.244,nw_dst=10.0.0.16,nw_tos=0,tp_src=2,tp_dst=80 actions=output:2
 cookie=0x0, duration=4.560s, table=0, n_packets=1, n_bytes=42, idle_timeout=10, hard_timeout=30, idle_age=4, priority=65535,udp,in_port=1,vlan_tci=0x0000,dl_src=42:d5:a0:56:46:8a,dl_dst=e2:7d:f2:33:b8:13,nw_src=108.144.172.58,nw_dst=10.0.0.62,nw_tos=0,tp_src=2,tp_dst=80 actions=output:8
 cookie=0x0, duration=4.516s, table=0, n_packets=1, n_bytes=42, idle_timeout=10, hard_timeout=30, idle_age=4, priority=65535,udp,in_port=1,vlan_tci=0x0000,dl_src=42:d5:a0:56:46:8a,dl_dst=66:b9:7a:57:5b:af,nw_src=237.55.7.129,nw_dst=10.0.0.22,nw_tos=0,tp_src=2,tp_dst=80 actions=output:3
 cookie=0x0, duration=4.460s, table=0, n_packets=1, n_bytes=42, idle_timeout=10, hard_timeout=30, idle_age=4, priority=65535,udp,in_port=1,vlan_tci=0x0000,dl_src=42:d5:a0:56:46:8a,dl_dst=9a:e3:d4:8f:30:9f,nw_src=156.133.137.58,nw_dst=10.0.0.11,nw_tos=0,tp_src=2,tp_dst=80 actions=output:2
 cookie=0x0, duration=4.416s, table=0, n_packets=1, n_bytes=42, idle_timeout=10, hard_timeout=30, idle_age=4, priority=65535,udp,in_port=1,vlan_tci=0x0000,dl_src=42:d5:a0:56:46:8a,dl_dst=2e:a0:dd:24:86:6e,nw_src=50.177.135.32,nw_dst=10.0.0.58,nw_tos=0,tp_src=2,tp_dst=80 actions=output:8
 cookie=0x0, duration=4.316s, table=0, n_packets=1, n_bytes=42, idle_timeout=10, hard_timeout=30, idle_age=4, priority=65535,udp,in_port=1,vlan_tci=0x0000,dl_src=42:d5:a0:56:46:8a,dl_dst=de:c9:6f:63:4a:2e,nw_src=123.44.134.214,nw_dst=10.0.0.46,nw_tos=0,tp_src=2,tp_dst=80 actions=output:6
 cookie=0x0, duration=4.272s, table=0, n_packets=1, n_bytes=42, idle_timeout=10, hard_timeout=30, idle_age=4, priority=65535,udp,in_port=1,vlan_tci=0x0000,dl_src=42:d5:a0:56:46:8a,dl_dst=66:b9:7a:57:5b:af,nw_src=250.48.96.155,nw_dst=10.0.0.22,nw_tos=0,tp_src=2,tp_dst=80 actions=output:3
 cookie=0x0, duration=4.224s, table=0, n_packets=1, n_bytes=42, idle_timeout=10, hard_timeout=30, idle_age=4, priority=65535,udp,in_port=1,vlan_tci=0x0000,dl_src=42:d5:a0:56:46:8a,dl_dst=ee:ab:49:af:85:44,nw_src=83.98.103.67,nw_dst=10.0.0.13,nw_tos=0,tp_src=2,tp_dst=80 actions=output:2
 cookie=0x0, duration=4.192s, table=0, n_packets=1, n_bytes=42, idle_timeout=10, hard_timeout=30, idle_age=4, priority=65535,udp,in_port=1,vlan_tci=0x0000,dl_src=42:d5:a0:56:46:8a,dl_dst=32:06:b7:cf:da:fb,nw_src=121.193.41.76,nw_dst=10.0.0.47,nw_tos=0,tp_src=2,tp_dst=80 actions=output:6
 cookie=0x0, duration=4.123s, table=0, n_packets=1, n_bytes=42, idle_timeout=10, hard_timeout=30, idle_age=4, priority=65535,udp,in_port=1,vlan_tci=0x0000,dl_src=42:d5:a0:56:46:8a,dl_dst=0a:e2:79:51:62:df,nw_src=209.243.79.158,nw_dst=10.0.0.21,nw_tos=0,tp_src=2,tp_dst=80 actions=output:3
 cookie=0x0, duration=4.072s, table=0, n_packets=1, n_bytes=42, idle_timeout=10, hard_timeout=30, idle_age=4, priority=65535,udp,in_port=1,vlan_tci=0x0000,dl_src=42:d5:a0:56:46:8a,dl_dst=92:7e:51:ac:9a:12,nw_src=151.179.13.135,nw_dst=10.0.0.61,nw_tos=0,tp_src=2,tp_dst=80 actions=output:8
 cookie=0x0, duration=4.032s, table=0, n_packets=1, n_bytes=42, idle_timeout=10, hard_timeout=30, idle_age=4, priority=65535,udp,in_port=1,vlan_tci=0x0000,dl_src=42:d5:a0:56:46:8a,dl_dst=0a:e2:79:51:62:df,nw_src=205.176.24.138,nw_dst=10.0.0.21,nw_tos=0,tp_src=2,tp_dst=80 actions=output:3
 cookie=0x0, duration=3.924s, table=0, n_packets=1, n_bytes=42, idle_timeout=10, hard_timeout=30, idle_age=3, priority=65535,udp,in_port=1,vlan_tci=0x0000,dl_src=42:d5:a0:56:46:8a,dl_dst=86:0e:62:8b:8c:1f,nw_src=153.1.140.235,nw_dst=10.0.0.63,nw_tos=0,tp_src=2,tp_dst=80 actions=output:8
 cookie=0x0, duration=3.880s, table=0, n_packets=1, n_bytes=42, idle_timeout=10, hard_timeout=30, idle_age=3, priority=65535,udp,in_port=1,vlan_tci=0x0000,dl_src=42:d5:a0:56:46:8a,dl_dst=22:fb:e7:8c:3d:cb,nw_src=193.233.199.240,nw_dst=10.0.0.54,nw_tos=0,tp_src=2,tp_dst=80 actions=output:7
 cookie=0x0, duration=3.760s, table=0, n_packets=1, n_bytes=42, idle_timeout=10, hard_timeout=30, idle_age=3, priority=65535,udp,in_port=1,vlan_tci=0x0000,dl_src=42:d5:a0:56:46:8a,dl_dst=26:cd:79:53:21:c6,nw_src=91.230.129.143,nw_dst=10.0.0.50,nw_tos=0,tp_src=2,tp_dst=80 actions=output:7
 cookie=0x0, duration=3.652s, table=0, n_packets=1, n_bytes=42, idle_timeout=10, hard_timeout=30, idle_age=3, priority=65535,udp,in_port=1,vlan_tci=0x0000,dl_src=42:d5:a0:56:46:8a,dl_dst=96:03:61:79:50:6a,nw_src=97.199.57.45,nw_dst=10.0.0.29,nw_tos=0,tp_src=2,tp_dst=80 actions=output:4
 cookie=0x0, duration=3.608s, table=0, n_packets=1, n_bytes=42, idle_timeout=10, hard_timeout=30, idle_age=3, priority=65535,udp,in_port=1,vlan_tci=0x0000,dl_src=42:d5:a0:56:46:8a,dl_dst=fa:7c:38:15:c1:b6,nw_src=203.185.191.140,nw_dst=10.0.0.18,nw_tos=0,tp_src=2,tp_dst=80 actions=output:3
 cookie=0x0, duration=3.572s, table=0, n_packets=1, n_bytes=42, idle_timeout=10, hard_timeout=30, idle_age=3, priority=65535,udp,in_port=1,vlan_tci=0x0000,dl_src=42:d5:a0:56:46:8a,dl_dst=ee:ab:49:af:85:44,nw_src=27.96.43.15,nw_dst=10.0.0.13,nw_tos=0,tp_src=2,tp_dst=80 actions=output:2
 cookie=0x0, duration=3.476s, table=0, n_packets=1, n_bytes=42, idle_timeout=10, hard_timeout=30, idle_age=3, priority=65535,udp,in_port=1,vlan_tci=0x0000,dl_src=42:d5:a0:56:46:8a,dl_dst=ea:d4:c1:67:06:c1,nw_src=136.42.210.84,nw_dst=10.0.0.51,nw_tos=0,tp_src=2,tp_dst=80 actions=output:7
 cookie=0x0, duration=3.416s, table=0, n_packets=1, n_bytes=42, idle_timeout=10, hard_timeout=30, idle_age=3, priority=65535,udp,in_port=1,vlan_tci=0x0000,dl_src=42:d5:a0:56:46:8a,dl_dst=9a:e3:d4:8f:30:9f,nw_src=125.232.96.255,nw_dst=10.0.0.11,nw_tos=0,tp_src=2,tp_dst=80 actions=output:2
 cookie=0x0, duration=3.376s, table=0, n_packets=1, n_bytes=42, idle_timeout=10, hard_timeout=30, idle_age=3, priority=65535,udp,in_port=1,vlan_tci=0x0000,dl_src=42:d5:a0:56:46:8a,dl_dst=2a:c1:f7:12:8f:4d,nw_src=176.187.147.38,nw_dst=10.0.0.30,nw_tos=0,tp_src=2,tp_dst=80 actions=output:4
 cookie=0x0, duration=3.336s, table=0, n_packets=1, n_bytes=42, idle_timeout=10, hard_timeout=30, idle_age=3, priority=65535,udp,in_port=1,vlan_tci=0x0000,dl_src=42:d5:a0:56:46:8a,dl_dst=b2:98:08:6a:cb:b7,nw_src=240.2.229.111,nw_dst=10.0.0.55,nw_tos=0,tp_src=2,tp_dst=80 actions=output:7
 cookie=0x0, duration=3.300s, table=0, n_packets=1, n_bytes=42, idle_timeout=10, hard_timeout=30, idle_age=3, priority=65535,udp,in_port=1,vlan_tci=0x0000,dl_src=42:d5:a0:56:46:8a,dl_dst=ee:a1:b8:c4:55:bb,nw_src=233.30.85.157,nw_dst=10.0.0.14,nw_tos=0,tp_src=2,tp_dst=80 actions=output:2
 cookie=0x0, duration=3.260s, table=0, n_packets=1, n_bytes=42, idle_timeout=10, hard_timeout=30, idle_age=3, priority=65535,udp,in_port=1,vlan_tci=0x0000,dl_src=42:d5:a0:56:46:8a,dl_dst=a2:4b:fd:7f:49:6d,nw_src=129.72.124.110,nw_dst=10.0.0.9,nw_tos=0,tp_src=2,tp_dst=80 actions=output:2
 cookie=0x0, duration=3.199s, table=0, n_packets=1, n_bytes=42, idle_timeout=10, hard_timeout=30, idle_age=3, priority=65535,udp,in_port=1,vlan_tci=0x0000,dl_src=42:d5:a0:56:46:8a,dl_dst=1a:e6:ee:3a:58:cf,nw_src=144.170.27.224,nw_dst=10.0.0.41,nw_tos=0,tp_src=2,tp_dst=80 actions=output:6
 cookie=0x0, duration=3.148s, table=0, n_packets=1, n_bytes=42, idle_timeout=10, hard_timeout=30, idle_age=3, priority=65535,udp,in_port=1,vlan_tci=0x0000,dl_src=42:d5:a0:56:46:8a,dl_dst=ee:ab:49:af:85:44,nw_src=143.52.211.103,nw_dst=10.0.0.13,nw_tos=0,tp_src=2,tp_dst=80 actions=output:2
 cookie=0x0, duration=3.084s, table=0, n_packets=1, n_bytes=42, idle_timeout=10, hard_timeout=30, idle_age=3, priority=65535,udp,in_port=1,vlan_tci=0x0000,dl_src=42:d5:a0:56:46:8a,dl_dst=ea:d4:c1:67:06:c1,nw_src=135.127.27.120,nw_dst=10.0.0.51,nw_tos=0,tp_src=2,tp_dst=80 actions=output:7
 cookie=0x0, duration=3.040s, table=0, n_packets=1, n_bytes=42, idle_timeout=10, hard_timeout=30, idle_age=3, priority=65535,udp,in_port=1,vlan_tci=0x0000,dl_src=42:d5:a0:56:46:8a,dl_dst=fa:7c:38:15:c1:b6,nw_src=198.59.25.117,nw_dst=10.0.0.18,nw_tos=0,tp_src=2,tp_dst=80 actions=output:3
 cookie=0x0, duration=2.988s, table=0, n_packets=1, n_bytes=42, idle_timeout=10, hard_timeout=30, idle_age=2, priority=65535,udp,in_port=1,vlan_tci=0x0000,dl_src=42:d5:a0:56:46:8a,dl_dst=92:7e:51:ac:9a:12,nw_src=14.42.44.161,nw_dst=10.0.0.61,nw_tos=0,tp_src=2,tp_dst=80 actions=output:8
 cookie=0x0, duration=2.944s, table=0, n_packets=1, n_bytes=42, idle_timeout=10, hard_timeout=30, idle_age=2, priority=65535,udp,in_port=1,vlan_tci=0x0000,dl_src=42:d5:a0:56:46:8a,dl_dst=ea:d4:c1:67:06:c1,nw_src=133.125.183.185,nw_dst=10.0.0.51,nw_tos=0,tp_src=2,tp_dst=80 actions=output:7
 cookie=0x0, duration=2.880s, table=0, n_packets=1, n_bytes=42, idle_timeout=10, hard_timeout=30, idle_age=2, priority=65535,udp,in_port=1,vlan_tci=0x0000,dl_src=42:d5:a0:56:46:8a,dl_dst=7a:4b:c5:e6:b2:f2,nw_src=252.185.225.84,nw_dst=10.0.0.31,nw_tos=0,tp_src=2,tp_dst=80 actions=output:4
 cookie=0x0, duration=2.844s, table=0, n_packets=1, n_bytes=42, idle_timeout=10, hard_timeout=30, idle_age=2, priority=65535,udp,in_port=1,vlan_tci=0x0000,dl_src=42:d5:a0:56:46:8a,dl_dst=0e:91:14:4a:04:73,nw_src=102.110.167.71,nw_dst=10.0.0.48,nw_tos=0,tp_src=2,tp_dst=80 actions=output:6
 cookie=0x0, duration=2.792s, table=0, n_packets=1, n_bytes=42, idle_timeout=10, hard_timeout=30, idle_age=2, priority=65535,udp,in_port=1,vlan_tci=0x0000,dl_src=42:d5:a0:56:46:8a,dl_dst=be:b6:bd:0d:d5:78,nw_src=112.101.141.69,nw_dst=10.0.0.27,nw_tos=0,tp_src=2,tp_dst=80 actions=output:4
 cookie=0x0, duration=2.756s, table=0, n_packets=1, n_bytes=42, idle_timeout=10, hard_timeout=30, idle_age=2, priority=65535,udp,in_port=1,vlan_tci=0x0000,dl_src=42:d5:a0:56:46:8a,dl_dst=02:dc:67:00:bb:9a,nw_src=86.44.42.208,nw_dst=10.0.0.53,nw_tos=0,tp_src=2,tp_dst=80 actions=output:7
 cookie=0x0, duration=2.709s, table=0, n_packets=1, n_bytes=42, idle_timeout=10, hard_timeout=30, idle_age=2, priority=65535,udp,in_port=1,vlan_tci=0x0000,dl_src=42:d5:a0:56:46:8a,dl_dst=e2:7d:f2:33:b8:13,nw_src=242.120.131.236,nw_dst=10.0.0.62,nw_tos=0,tp_src=2,tp_dst=80 actions=output:8
 cookie=0x0, duration=2.672s, table=0, n_packets=1, n_bytes=42, idle_timeout=10, hard_timeout=30, idle_age=2, priority=65535,udp,in_port=1,vlan_tci=0x0000,dl_src=42:d5:a0:56:46:8a,dl_dst=de:c9:6f:63:4a:2e,nw_src=69.65.25.35,nw_dst=10.0.0.46,nw_tos=0,tp_src=2,tp_dst=80 actions=output:6
 cookie=0x0, duration=2.620s, table=0, n_packets=1, n_bytes=42, idle_timeout=10, hard_timeout=30, idle_age=2, priority=65535,udp,in_port=1,vlan_tci=0x0000,dl_src=42:d5:a0:56:46:8a,dl_dst=ee:ab:49:af:85:44,nw_src=139.215.147.34,nw_dst=10.0.0.13,nw_tos=0,tp_src=2,tp_dst=80 actions=output:2
 cookie=0x0, duration=2.540s, table=0, n_packets=1, n_bytes=42, idle_timeout=10, hard_timeout=30, idle_age=2, priority=65535,udp,in_port=1,vlan_tci=0x0000,dl_src=42:d5:a0:56:46:8a,dl_dst=5e:4e:40:54:96:6f,nw_src=174.144.210.229,nw_dst=10.0.0.36,nw_tos=0,tp_src=2,tp_dst=80 actions=output:5
 cookie=0x0, duration=2.504s, table=0, n_packets=1, n_bytes=42, idle_timeout=10, hard_timeout=30, idle_age=2, priority=65535,udp,in_port=1,vlan_tci=0x0000,dl_src=42:d5:a0:56:46:8a,dl_dst=76:2d:87:43:49:ba,nw_src=69.198.44.138,nw_dst=10.0.0.39,nw_tos=0,tp_src=2,tp_dst=80 actions=output:5
 cookie=0x0, duration=2.472s, table=0, n_packets=1, n_bytes=42, idle_timeout=10, hard_timeout=30, idle_age=2, priority=65535,udp,in_port=1,vlan_tci=0x0000,dl_src=42:d5:a0:56:46:8a,dl_dst=06:8a:d8:18:18:25,nw_src=177.233.170.33,nw_dst=10.0.0.35,nw_tos=0,tp_src=2,tp_dst=80 actions=output:5
 cookie=0x0, duration=2.432s, table=0, n_packets=1, n_bytes=42, idle_timeout=10, hard_timeout=30, idle_age=2, priority=65535,udp,in_port=1,vlan_tci=0x0000,dl_src=42:d5:a0:56:46:8a,dl_dst=fa:7c:38:15:c1:b6,nw_src=106.183.154.172,nw_dst=10.0.0.18,nw_tos=0,tp_src=2,tp_dst=80 actions=output:3
 cookie=0x0, duration=2.400s, table=0, n_packets=1, n_bytes=42, idle_timeout=10, hard_timeout=30, idle_age=2, priority=65535,udp,in_port=1,vlan_tci=0x0000,dl_src=42:d5:a0:56:46:8a,dl_dst=7a:4b:c5:e6:b2:f2,nw_src=93.55.228.213,nw_dst=10.0.0.31,nw_tos=0,tp_src=2,tp_dst=80 actions=output:4
 cookie=0x0, duration=2.288s, table=0, n_packets=1, n_bytes=42, idle_timeout=10, hard_timeout=30, idle_age=2, priority=65535,udp,in_port=1,vlan_tci=0x0000,dl_src=42:d5:a0:56:46:8a,dl_dst=0e:b3:e5:19:28:4c,nw_src=8.8.86.9,nw_dst=10.0.0.57,nw_tos=0,tp_src=2,tp_dst=80 actions=output:8
 cookie=0x0, duration=2.245s, table=0, n_packets=1, n_bytes=42, idle_timeout=10, hard_timeout=30, idle_age=2, priority=65535,udp,in_port=1,vlan_tci=0x0000,dl_src=42:d5:a0:56:46:8a,dl_dst=86:0e:62:8b:8c:1f,nw_src=45.185.9.203,nw_dst=10.0.0.63,nw_tos=0,tp_src=2,tp_dst=80 actions=output:8
 cookie=0x0, duration=2.212s, table=0, n_packets=1, n_bytes=42, idle_timeout=10, hard_timeout=30, idle_age=2, priority=65535,udp,in_port=1,vlan_tci=0x0000,dl_src=42:d5:a0:56:46:8a,dl_dst=d6:4f:3f:ad:0e:73,nw_src=215.106.23.255,nw_dst=10.0.0.49,nw_tos=0,tp_src=2,tp_dst=80 actions=output:7
 cookie=0x0, duration=2.172s, table=0, n_packets=1, n_bytes=42, idle_timeout=10, hard_timeout=30, idle_age=2, priority=65535,udp,in_port=1,vlan_tci=0x0000,dl_src=42:d5:a0:56:46:8a,dl_dst=26:cd:79:53:21:c6,nw_src=212.166.175.230,nw_dst=10.0.0.50,nw_tos=0,tp_src=2,tp_dst=80 actions=output:7
 cookie=0x0, duration=2.120s, table=0, n_packets=1, n_bytes=42, idle_timeout=10, hard_timeout=30, idle_age=2, priority=65535,udp,in_port=1,vlan_tci=0x0000,dl_src=42:d5:a0:56:46:8a,dl_dst=66:b9:7a:57:5b:af,nw_src=139.253.129.67,nw_dst=10.0.0.22,nw_tos=0,tp_src=2,tp_dst=80 actions=output:3
 cookie=0x0, duration=2.056s, table=0, n_packets=1, n_bytes=42, idle_timeout=10, hard_timeout=30, idle_age=2, priority=65535,udp,in_port=1,vlan_tci=0x0000,dl_src=42:d5:a0:56:46:8a,dl_dst=a6:47:cc:00:88:ef,nw_src=162.73.230.147,nw_dst=10.0.0.34,nw_tos=0,tp_src=2,tp_dst=80 actions=output:5
 cookie=0x0, duration=2.012s, table=0, n_packets=1, n_bytes=42, idle_timeout=10, hard_timeout=30, idle_age=2, priority=65535,udp,in_port=1,vlan_tci=0x0000,dl_src=42:d5:a0:56:46:8a,dl_dst=2e:a0:dd:24:86:6e,nw_src=106.59.182.85,nw_dst=10.0.0.58,nw_tos=0,tp_src=2,tp_dst=80 actions=output:8
 cookie=0x0, duration=1.961s, table=0, n_packets=1, n_bytes=42, idle_timeout=10, hard_timeout=30, idle_age=1, priority=65535,udp,in_port=1,vlan_tci=0x0000,dl_src=42:d5:a0:56:46:8a,dl_dst=2a:c1:f7:12:8f:4d,nw_src=17.185.180.151,nw_dst=10.0.0.30,nw_tos=0,tp_src=2,tp_dst=80 actions=output:4
 cookie=0x0, duration=1.900s, table=0, n_packets=1, n_bytes=42, idle_timeout=10, hard_timeout=30, idle_age=1, priority=65535,udp,in_port=1,vlan_tci=0x0000,dl_src=42:d5:a0:56:46:8a,dl_dst=9e:29:48:70:2b:de,nw_src=225.114.97.148,nw_dst=10.0.0.28,nw_tos=0,tp_src=2,tp_dst=80 actions=output:4
 cookie=0x0, duration=1.864s, table=0, n_packets=1, n_bytes=42, idle_timeout=10, hard_timeout=30, idle_age=1, priority=65535,udp,in_port=1,vlan_tci=0x0000,dl_src=42:d5:a0:56:46:8a,dl_dst=f2:9f:5e:8d:22:af,nw_src=180.175.210.149,nw_dst=10.0.0.26,nw_tos=0,tp_src=2,tp_dst=80 actions=output:4
 cookie=0x0, duration=1.824s, table=0, n_packets=1, n_bytes=42, idle_timeout=10, hard_timeout=30, idle_age=1, priority=65535,udp,in_port=1,vlan_tci=0x0000,dl_src=42:d5:a0:56:46:8a,dl_dst=86:0e:62:8b:8c:1f,nw_src=148.39.232.218,nw_dst=10.0.0.63,nw_tos=0,tp_src=2,tp_dst=80 actions=output:8
 cookie=0x0, duration=1.716s, table=0, n_packets=1, n_bytes=42, idle_timeout=10, hard_timeout=30, idle_age=1, priority=65535,udp,in_port=1,vlan_tci=0x0000,dl_src=42:d5:a0:56:46:8a,dl_dst=96:03:61:79:50:6a,nw_src=175.204.6.83,nw_dst=10.0.0.29,nw_tos=0,tp_src=2,tp_dst=80 actions=output:4
 cookie=0x0, duration=1.588s, table=0, n_packets=1, n_bytes=42, idle_timeout=10, hard_timeout=30, idle_age=1, priority=65535,udp,in_port=1,vlan_tci=0x0000,dl_src=42:d5:a0:56:46:8a,dl_dst=be:b6:bd:0d:d5:78,nw_src=148.24.77.174,nw_dst=10.0.0.27,nw_tos=0,tp_src=2,tp_dst=80 actions=output:4
 cookie=0x0, duration=1.552s, table=0, n_packets=1, n_bytes=42, idle_timeout=10, hard_timeout=30, idle_age=1, priority=65535,udp,in_port=1,vlan_tci=0x0000,dl_src=42:d5:a0:56:46:8a,dl_dst=2a:c1:f7:12:8f:4d,nw_src=82.227.254.48,nw_dst=10.0.0.30,nw_tos=0,tp_src=2,tp_dst=80 actions=output:4
 cookie=0x0, duration=1.512s, table=0, n_packets=1, n_bytes=42, idle_timeout=10, hard_timeout=30, idle_age=1, priority=65535,udp,in_port=1,vlan_tci=0x0000,dl_src=42:d5:a0:56:46:8a,dl_dst=86:0e:62:8b:8c:1f,nw_src=56.116.40.247,nw_dst=10.0.0.63,nw_tos=0,tp_src=2,tp_dst=80 actions=output:8
 cookie=0x0, duration=1.456s, table=0, n_packets=1, n_bytes=42, idle_timeout=10, hard_timeout=30, idle_age=1, priority=65535,udp,in_port=1,vlan_tci=0x0000,dl_src=42:d5:a0:56:46:8a,dl_dst=aa:1e:ca:17:f4:73,nw_src=49.254.118.49,nw_dst=10.0.0.43,nw_tos=0,tp_src=2,tp_dst=80 actions=output:6
 cookie=0x0, duration=1.408s, table=0, n_packets=1, n_bytes=42, idle_timeout=10, hard_timeout=30, idle_age=1, priority=65535,udp,in_port=1,vlan_tci=0x0000,dl_src=42:d5:a0:56:46:8a,dl_dst=8e:85:c4:a1:a4:08,nw_src=163.19.9.97,nw_dst=10.0.0.40,nw_tos=0,tp_src=2,tp_dst=80 actions=output:5
 cookie=0x0, duration=1.300s, table=0, n_packets=1, n_bytes=42, idle_timeout=10, hard_timeout=30, idle_age=1, priority=65535,udp,in_port=1,vlan_tci=0x0000,dl_src=42:d5:a0:56:46:8a,dl_dst=b2:98:08:6a:cb:b7,nw_src=122.85.227.21,nw_dst=10.0.0.55,nw_tos=0,tp_src=2,tp_dst=80 actions=output:7
 cookie=0x0, duration=1.260s, table=0, n_packets=1, n_bytes=42, idle_timeout=10, hard_timeout=30, idle_age=1, priority=65535,udp,in_port=1,vlan_tci=0x0000,dl_src=42:d5:a0:56:46:8a,dl_dst=fa:7c:38:15:c1:b6,nw_src=141.103.46.69,nw_dst=10.0.0.18,nw_tos=0,tp_src=2,tp_dst=80 actions=output:3
 cookie=0x0, duration=1.216s, table=0, n_packets=1, n_bytes=42, idle_timeout=10, hard_timeout=30, idle_age=1, priority=65535,udp,in_port=1,vlan_tci=0x0000,dl_src=42:d5:a0:56:46:8a,dl_dst=2e:a0:dd:24:86:6e,nw_src=180.43.129.11,nw_dst=10.0.0.58,nw_tos=0,tp_src=2,tp_dst=80 actions=output:8
 cookie=0x0, duration=1.176s, table=0, n_packets=1, n_bytes=42, idle_timeout=10, hard_timeout=30, idle_age=1, priority=65535,udp,in_port=1,vlan_tci=0x0000,dl_src=42:d5:a0:56:46:8a,dl_dst=ea:5e:5c:f4:8f:cf,nw_src=58.59.154.38,nw_dst=10.0.0.10,nw_tos=0,tp_src=2,tp_dst=80 actions=output:2
 cookie=0x0, duration=1.124s, table=0, n_packets=1, n_bytes=42, idle_timeout=10, hard_timeout=30, idle_age=1, priority=65535,udp,in_port=1,vlan_tci=0x0000,dl_src=42:d5:a0:56:46:8a,dl_dst=e2:7d:f2:33:b8:13,nw_src=202.27.62.144,nw_dst=10.0.0.62,nw_tos=0,tp_src=2,tp_dst=80 actions=output:8
 cookie=0x0, duration=1.020s, table=0, n_packets=1, n_bytes=42, idle_timeout=10, hard_timeout=30, idle_age=1, priority=65535,udp,in_port=1,vlan_tci=0x0000,dl_src=42:d5:a0:56:46:8a,dl_dst=b2:98:08:6a:cb:b7,nw_src=115.211.5.96,nw_dst=10.0.0.55,nw_tos=0,tp_src=2,tp_dst=80 actions=output:7
 cookie=0x0, duration=0.977s, table=0, n_packets=1, n_bytes=42, idle_timeout=10, hard_timeout=30, idle_age=0, priority=65535,udp,in_port=1,vlan_tci=0x0000,dl_src=42:d5:a0:56:46:8a,dl_dst=92:7e:51:ac:9a:12,nw_src=203.95.61.126,nw_dst=10.0.0.61,nw_tos=0,tp_src=2,tp_dst=80 actions=output:8
 cookie=0x0, duration=0.944s, table=0, n_packets=1, n_bytes=42, idle_timeout=10, hard_timeout=30, idle_age=0, priority=65535,udp,in_port=1,vlan_tci=0x0000,dl_src=42:d5:a0:56:46:8a,dl_dst=96:03:61:79:50:6a,nw_src=236.232.220.162,nw_dst=10.0.0.29,nw_tos=0,tp_src=2,tp_dst=80 actions=output:4
 cookie=0x0, duration=0.896s, table=0, n_packets=1, n_bytes=42, idle_timeout=10, hard_timeout=30, idle_age=0, priority=65535,udp,in_port=1,vlan_tci=0x0000,dl_src=42:d5:a0:56:46:8a,dl_dst=32:c7:f2:11:42:6e,nw_src=230.104.19.95,nw_dst=10.0.0.12,nw_tos=0,tp_src=2,tp_dst=80 actions=output:2
 cookie=0x0, duration=0.804s, table=0, n_packets=1, n_bytes=42, idle_timeout=10, hard_timeout=30, idle_age=0, priority=65535,udp,in_port=1,vlan_tci=0x0000,dl_src=42:d5:a0:56:46:8a,dl_dst=22:fb:e7:8c:3d:cb,nw_src=106.33.114.87,nw_dst=10.0.0.54,nw_tos=0,tp_src=2,tp_dst=80 actions=output:7
 cookie=0x0, duration=0.756s, table=0, n_packets=1, n_bytes=42, idle_timeout=10, hard_timeout=30, idle_age=0, priority=65535,udp,in_port=1,vlan_tci=0x0000,dl_src=42:d5:a0:56:46:8a,dl_dst=9a:e3:d4:8f:30:9f,nw_src=193.153.96.219,nw_dst=10.0.0.11,nw_tos=0,tp_src=2,tp_dst=80 actions=output:2
 cookie=0x0, duration=0.696s, table=0, n_packets=1, n_bytes=42, idle_timeout=10, hard_timeout=30, idle_age=0, priority=65535,udp,in_port=1,vlan_tci=0x0000,dl_src=42:d5:a0:56:46:8a,dl_dst=3a:99:83:13:8e:f4,nw_src=63.110.208.142,nw_dst=10.0.0.38,nw_tos=0,tp_src=2,tp_dst=80 actions=output:5
 cookie=0x0, duration=0.661s, table=0, n_packets=1, n_bytes=42, idle_timeout=10, hard_timeout=30, idle_age=0, priority=65535,udp,in_port=1,vlan_tci=0x0000,dl_src=42:d5:a0:56:46:8a,dl_dst=e6:4b:d9:07:cb:fd,nw_src=105.97.255.30,nw_dst=10.0.0.44,nw_tos=0,tp_src=2,tp_dst=80 actions=output:6
 cookie=0x0, duration=0.620s, table=0, n_packets=1, n_bytes=42, idle_timeout=10, hard_timeout=30, idle_age=0, priority=65535,udp,in_port=1,vlan_tci=0x0000,dl_src=42:d5:a0:56:46:8a,dl_dst=7a:4b:c5:e6:b2:f2,nw_src=183.9.58.75,nw_dst=10.0.0.31,nw_tos=0,tp_src=2,tp_dst=80 actions=output:4
 cookie=0x0, duration=0.568s, table=0, n_packets=1, n_bytes=42, idle_timeout=10, hard_timeout=30, idle_age=0, priority=65535,udp,in_port=1,vlan_tci=0x0000,dl_src=42:d5:a0:56:46:8a,dl_dst=0e:b3:e5:19:28:4c,nw_src=106.170.5.55,nw_dst=10.0.0.57,nw_tos=0,tp_src=2,tp_dst=80 actions=output:8
 cookie=0x0, duration=0.517s, table=0, n_packets=1, n_bytes=42, idle_timeout=10, hard_timeout=30, idle_age=0, priority=65535,udp,in_port=1,vlan_tci=0x0000,dl_src=42:d5:a0:56:46:8a,dl_dst=aa:1e:ca:17:f4:73,nw_src=26.76.201.107,nw_dst=10.0.0.43,nw_tos=0,tp_src=2,tp_dst=80 actions=output:6
 cookie=0x0, duration=0.476s, table=0, n_packets=1, n_bytes=42, idle_timeout=10, hard_timeout=30, idle_age=0, priority=65535,udp,in_port=1,vlan_tci=0x0000,dl_src=42:d5:a0:56:46:8a,dl_dst=16:46:e9:50:78:a5,nw_src=37.80.144.20,nw_dst=10.0.0.56,nw_tos=0,tp_src=2,tp_dst=80 actions=output:7
 cookie=0x0, duration=0.432s, table=0, n_packets=1, n_bytes=42, idle_timeout=10, hard_timeout=30, idle_age=0, priority=65535,udp,in_port=1,vlan_tci=0x0000,dl_src=42:d5:a0:56:46:8a,dl_dst=96:03:61:79:50:6a,nw_src=19.230.21.238,nw_dst=10.0.0.29,nw_tos=0,tp_src=2,tp_dst=80 actions=output:4
 cookie=0x0, duration=0.392s, table=0, n_packets=1, n_bytes=42, idle_timeout=10, hard_timeout=30, idle_age=0, priority=65535,udp,in_port=1,vlan_tci=0x0000,dl_src=42:d5:a0:56:46:8a,dl_dst=9e:29:48:70:2b:de,nw_src=37.43.173.125,nw_dst=10.0.0.28,nw_tos=0,tp_src=2,tp_dst=80 actions=output:4
 cookie=0x0, duration=0.347s, table=0, n_packets=1, n_bytes=42, idle_timeout=10, hard_timeout=30, idle_age=0, priority=65535,udp,in_port=1,vlan_tci=0x0000,dl_src=42:d5:a0:56:46:8a,dl_dst=d6:4f:3f:ad:0e:73,nw_src=164.11.177.70,nw_dst=10.0.0.49,nw_tos=0,tp_src=2,tp_dst=80 actions=output:7
 cookie=0x0, duration=0.297s, table=0, n_packets=1, n_bytes=42, idle_timeout=10, hard_timeout=30, idle_age=0, priority=65535,udp,in_port=1,vlan_tci=0x0000,dl_src=42:d5:a0:56:46:8a,dl_dst=1a:e6:ee:3a:58:cf,nw_src=220.190.86.31,nw_dst=10.0.0.41,nw_tos=0,tp_src=2,tp_dst=80 actions=output:6
 cookie=0x0, duration=0.116s, table=0, n_packets=1, n_bytes=42, idle_timeout=10, hard_timeout=30, idle_age=0, priority=65535,udp,in_port=1,vlan_tci=0x0000,dl_src=42:d5:a0:56:46:8a,dl_dst=06:aa:c0:9d:bf:a1,nw_src=240.44.117.207,nw_dst=10.0.0.19,nw_tos=0,tp_src=2,tp_dst=80 actions=output:3
 cookie=0x0, duration=0.080s, table=0, n_packets=1, n_bytes=42, idle_timeout=10, hard_timeout=30, idle_age=0, priority=65535,udp,in_port=1,vlan_tci=0x0000,dl_src=42:d5:a0:56:46:8a,dl_dst=8e:01:44:78:4a:7b,nw_src=135.152.74.15,nw_dst=10.0.0.33,nw_tos=0,tp_src=2,tp_dst=80 actions=output:5
 cookie=0x0, duration=0.045s, table=0, n_packets=1, n_bytes=42, idle_timeout=10, hard_timeout=30, idle_age=0, priority=65535,udp,in_port=1,vlan_tci=0x0000,dl_src=42:d5:a0:56:46:8a,dl_dst=36:fb:f0:17:f9:c9,nw_src=173.217.60.124,nw_dst=10.0.0.16,nw_tos=0,tp_src=2,tp_dst=80 actions=output:2
